no_of_dependents,graduated,self_employed,income_annum,loan_amount,loan_term,cibil_score,residential_assets_value,commercial_assets_value,luxury_assets_value,bank_asset_value,loan_approved
2,True,False,9600000,29900000,12,778,2400000,17600000,22700000,8000000,True
0,False,True,4100000,12200000,8,417,2700000,2200000,8800000,3300000,False
3,True,False,9100000,29700000,20,506,7100000,4500000,33300000,12800000,False
3,True,False,8200000,30700000,8,467,18200000,3300000,23300000,7900000,False
5,False,True,9800000,24200000,20,382,12400000,8200000,29400000,5000000,False
0,True,True,4800000,13500000,10,319,6800000,8300000,13700000,5100000,False
5,True,False,8700000,33000000,4,678,22500000,14800000,29200000,4300000,True
2,True,True,5700000,15000000,20,382,13200000,5700000,11800000,6000000,False
0,True,True,800000,2200000,20,782,1300000,800000,2800000,600000,True
5,False,False,1100000,4300000,10,388,3200000,1400000,3300000,1600000,False
4,True,True,2900000,11200000,2,547,8100000,4700000,9500000,3100000,True
2,False,True,6700000,22700000,18,538,15300000,5800000,20400000,6400000,False
3,False,True,5000000,11600000,16,311,6400000,9600000,14600000,4300000,False
2,True,True,9100000,31500000,14,679,10800000,16600000,20900000,5000000,True
1,False,False,1900000,7400000,6,469,1900000,1200000,5900000,1900000,False
5,False,False,4700000,10700000,10,794,5700000,3900000,16400000,4400000,True
2,True,True,500000,1600000,4,663,1300000,100000,1300000,700000,True
4,False,True,2900000,9400000,14,780,2900000,2800000,6700000,4300000,True
2,True,False,2700000,10300000,10,736,1000000,0,6200000,3300000,True
5,True,False,6300000,14600000,12,652,10300000,3500000,23500000,5900000,True
2,True,False,5000000,19400000,12,315,9500000,1600000,18000000,6100000,False
4,True,False,5800000,14000000,16,530,3800000,11300000,22200000,5400000,False
4,True,True,6500000,25700000,18,311,13100000,1700000,19500000,8500000,False
0,False,True,500000,1400000,2,551,900000,600000,1100000,300000,True
0,False,False,4900000,9800000,16,324,3800000,8700000,10000000,3300000,False
5,False,False,3100000,9500000,20,514,7900000,3100000,6600000,2600000,False
4,True,False,8200000,28100000,12,696,11500000,10600000,25300000,7200000,True
4,False,True,2400000,5600000,4,662,4500000,4200000,5400000,2500000,True
5,False,True,7000000,24000000,6,336,2300000,11900000,27500000,9700000,False
3,False,True,9000000,31500000,10,850,21800000,12400000,33700000,8000000,True
2,False,False,9800000,25300000,12,313,20200000,5200000,25500000,9300000,False
2,True,False,5700000,12000000,6,363,3600000,7400000,21700000,4300000,False
1,False,True,800000,1600000,10,436,700000,200000,2200000,1000000,False
5,False,True,8400000,22000000,2,830,3800000,3900000,19900000,5400000,True
3,True,False,4900000,11900000,8,612,9700000,1200000,19000000,5800000,True
2,True,True,1700000,3400000,8,691,2700000,2800000,6000000,900000,True
3,False,False,1600000,6200000,18,636,3400000,700000,5300000,1400000,True
5,True,True,8000000,27200000,6,348,6400000,300000,16700000,7100000,False
5,True,False,3600000,7700000,16,830,7000000,1300000,10000000,2900000,True
3,False,True,1500000,5100000,6,352,100000,200000,5600000,900000,False
1,True,False,7800000,18100000,2,712,8600000,11200000,21700000,9000000,True
2,False,False,9100000,24900000,16,822,22300000,12100000,31000000,5200000,True
3,True,False,1400000,3400000,6,540,200000,1500000,3900000,800000,False
2,True,True,800000,2300000,12,342,2200000,1300000,1800000,800000,False
5,True,False,6500000,13400000,18,787,18200000,300000,16200000,5400000,True
4,True,False,8000000,27800000,16,331,13000000,6300000,21400000,10900000,False
3,False,True,4200000,14600000,6,679,2400000,6900000,8700000,4900000,True
1,True,True,4900000,19100000,14,677,5400000,9100000,17700000,6500000,True
3,False,False,5500000,20500000,12,634,800000,8600000,18500000,8200000,True
1,False,True,9500000,19100000,16,662,100000,10500000,37700000,11700000,True
4,True,False,7300000,25400000,16,502,500000,1800000,20500000,10500000,False
2,True,False,8700000,24700000,10,435,6800000,3500000,21800000,11300000,False
5,False,False,3800000,7600000,4,689,8700000,100000,9300000,3400000,True
1,False,True,8400000,23000000,12,657,15400000,14800000,31900000,8200000,True
2,True,True,5100000,19700000,20,590,7400000,9300000,19400000,3400000,True
5,False,False,6700000,24500000,12,818,1200000,5600000,16300000,6200000,True
2,False,False,4300000,10600000,18,431,2100000,1500000,9300000,5200000,False
5,True,True,9300000,30500000,18,841,19300000,10300000,34600000,8700000,True
1,True,False,7400000,18400000,20,421,18500000,9100000,17500000,4100000,False
4,False,True,5500000,18200000,16,797,-100000,4900000,18600000,4800000,True
2,False,False,8500000,18900000,18,478,23800000,16300000,25900000,11400000,False
3,False,True,9600000,30500000,18,669,4700000,1900000,26500000,9300000,True
5,False,True,8800000,28900000,6,365,24400000,8600000,27400000,4700000,False
3,False,True,3300000,7500000,20,586,1600000,5600000,10500000,2900000,True
4,True,True,3900000,12300000,18,784,7600000,6900000,13100000,2800000,True
1,True,False,4100000,10300000,12,364,9500000,6100000,14900000,2800000,False
3,False,False,8300000,29100000,10,715,6100000,11900000,24100000,11900000,True
0,False,True,2700000,10100000,20,693,200000,1700000,5900000,1400000,False
4,True,False,5600000,12400000,4,777,5500000,3100000,11800000,5500000,True
0,True,False,1900000,5000000,12,312,4000000,2800000,4900000,2400000,False
4,False,True,500000,1500000,20,340,100000,200000,1900000,600000,False
5,True,True,5300000,18600000,4,386,2700000,9700000,11900000,4200000,True
5,False,False,7000000,18300000,4,418,18400000,11700000,21500000,7600000,False
3,False,True,5800000,16700000,16,735,3900000,9400000,12600000,5600000,True
2,False,False,2600000,8400000,6,494,6500000,3800000,5600000,2000000,False
2,False,False,1900000,6500000,18,671,600000,2500000,4800000,1100000,True
4,True,False,5700000,14800000,16,697,14300000,7800000,12900000,6300000,True
0,True,False,9000000,33500000,8,801,11600000,8900000,35400000,11100000,True
2,False,False,8500000,29400000,12,576,17600000,5600000,25200000,9000000,True
0,False,False,700000,1400000,14,639,1900000,700000,2400000,900000,True
4,True,False,3500000,8900000,4,470,1300000,2200000,12300000,2000000,False
0,False,False,8800000,31200000,4,826,2900000,500000,33300000,8600000,True
2,False,True,9900000,21200000,16,363,25500000,11400000,26600000,6800000,False
3,True,False,3600000,8600000,20,613,9400000,300000,10300000,3300000,True
3,False,True,3000000,8200000,16,713,5300000,5800000,11000000,3400000,True
2,True,False,6800000,21200000,16,439,17100000,4700000,23300000,3600000,False
5,False,True,1100000,3800000,18,387,1300000,1200000,3800000,1600000,False
1,False,True,8700000,28300000,8,402,20400000,13600000,27900000,10200000,False
4,True,True,2000000,8000000,6,837,5100000,2600000,3900000,2900000,True
2,False,False,9800000,37600000,10,641,24100000,0,23400000,7600000,True
4,True,False,5700000,21100000,18,489,500000,4300000,12500000,6000000,False
4,True,False,8800000,20700000,18,540,19200000,3200000,22400000,12700000,False
4,True,False,3800000,8900000,4,844,9100000,3500000,13100000,4700000,True
1,True,False,1700000,6400000,10,452,900000,1100000,5600000,2100000,False
2,True,False,1000000,2000000,10,366,1200000,400000,3200000,1300000,False
5,True,False,300000,1100000,2,300,100000,500000,700000,400000,True
2,True,True,6600000,15000000,18,470,1200000,4800000,18200000,7000000,False
2,False,False,8700000,25000000,20,861,14700000,8500000,23200000,7300000,True
4,True,False,9400000,29400000,12,562,25900000,15200000,36400000,7100000,True
0,True,False,4400000,10800000,14,463,2400000,4800000,13800000,4700000,False
4,False,False,400000,900000,12,478,700000,100000,1200000,100000,False
2,False,True,300000,1100000,2,702,300000,200000,500000,200000,True
2,False,True,4300000,12900000,20,618,11400000,3600000,11400000,2400000,True
4,True,False,1600000,4500000,12,633,700000,1700000,4100000,1900000,True
5,False,True,6200000,23600000,10,331,18500000,10300000,23800000,8700000,False
3,False,True,4200000,9700000,16,841,7800000,300000,16700000,5100000,True
4,False,True,9000000,18100000,12,764,600000,16500000,20800000,11600000,True
0,True,False,2700000,10600000,6,591,1300000,2700000,9900000,1800000,True
1,True,True,9700000,35900000,2,719,19600000,7600000,20400000,10900000,True
2,True,False,3300000,6800000,14,317,3400000,300000,11700000,3600000,False
0,False,False,300000,1100000,8,778,800000,200000,900000,100000,True
3,True,True,7400000,18200000,14,302,5600000,3100000,17900000,5000000,False
5,False,False,7100000,19700000,8,502,7300000,5600000,25300000,9800000,False
5,False,True,7300000,22100000,18,879,19500000,10600000,19300000,9800000,True
1,False,False,8400000,23400000,14,437,15400000,5800000,33400000,8100000,False
0,False,True,3300000,10800000,12,797,600000,6000000,7700000,3300000,True
4,False,True,5800000,23200000,18,456,16100000,4200000,22600000,7500000,False
0,False,False,600000,1600000,6,647,1500000,600000,1500000,700000,True
0,False,False,7200000,15800000,12,379,12700000,12200000,21500000,3600000,False
1,False,True,9100000,32900000,2,717,2200000,2000000,23600000,5900000,True
5,True,False,900000,2300000,16,545,100000,200000,2700000,800000,False
2,True,False,800000,3200000,8,317,300000,1000000,2000000,900000,False
1,False,False,8500000,32900000,10,570,5100000,6200000,20500000,5500000,True
0,False,True,9000000,18700000,18,865,26800000,0,20900000,11300000,True
3,True,False,7000000,19500000,14,719,12200000,10300000,18200000,10200000,True
3,True,False,200000,600000,16,821,400000,100000,500000,100000,True
4,False,True,400000,800000,10,859,900000,500000,800000,200000,True
3,False,False,5100000,18200000,10,395,100000,8000000,15500000,6300000,False
2,False,True,700000,2600000,12,429,1600000,1300000,2700000,800000,False
3,True,False,400000,1200000,12,861,200000,600000,1100000,200000,True
0,False,True,9500000,20800000,14,565,15100000,11900000,33900000,13400000,True
5,True,False,8800000,22600000,10,357,7900000,8600000,18200000,4900000,False
3,False,True,1800000,3600000,18,465,600000,500000,5400000,2600000,False
4,False,True,6800000,13900000,8,479,11700000,9100000,25700000,9600000,False
3,False,False,1500000,5500000,16,717,2100000,800000,4400000,1300000,True
3,True,False,1600000,5500000,12,425,600000,800000,5400000,900000,False
2,False,False,4600000,16700000,2,786,200000,5900000,13900000,6100000,True
5,False,True,2200000,6700000,6,382,4400000,1300000,8600000,1100000,False
3,False,True,2900000,8500000,12,564,1000000,3100000,7500000,1800000,True
0,True,False,200000,700000,8,501,500000,200000,700000,100000,False
2,False,True,2500000,9400000,10,727,6600000,4100000,9500000,3300000,True
4,False,False,3600000,7500000,6,894,1100000,6500000,7400000,2800000,True
0,True,True,5500000,16700000,18,829,5500000,1300000,12800000,5900000,True
4,False,False,6600000,17400000,20,506,2600000,10000000,25900000,7200000,False
2,True,True,8600000,32100000,6,802,9400000,16700000,24500000,9800000,True
5,False,False,600000,1500000,14,543,300000,900000,2100000,300000,False
3,True,True,1400000,3200000,20,772,2400000,900000,5100000,1600000,True
3,True,False,4000000,11100000,12,572,9700000,100000,12500000,2400000,True
0,False,True,4900000,11900000,16,709,14600000,900000,18500000,3800000,True
5,True,False,2000000,6200000,18,402,4000000,2100000,7200000,1100000,False
1,False,True,5200000,19300000,8,481,14300000,9500000,18800000,4200000,False
5,True,True,8900000,28800000,6,772,13600000,5500000,20400000,8400000,True
1,True,True,6500000,20600000,2,306,15900000,1900000,18100000,3200000,True
2,False,False,1300000,4500000,6,415,0,900000,2900000,1200000,False
3,False,False,9400000,35000000,16,548,18200000,4400000,36100000,4800000,False
5,False,False,5000000,11200000,8,701,9100000,500000,14000000,4600000,True
2,True,False,3000000,7700000,12,890,4700000,4300000,8400000,2100000,True
5,False,True,9900000,33300000,6,364,5300000,18700000,27800000,8300000,False
5,True,True,700000,1300000,20,704,1600000,0,2200000,600000,True
3,True,True,4000000,10600000,10,318,1500000,5100000,8000000,4900000,False
5,False,False,3100000,9600000,2,761,5800000,1800000,10400000,4200000,True
4,False,False,4500000,15100000,6,693,3700000,1500000,17800000,6000000,True
3,False,False,9700000,20600000,16,524,24200000,11100000,27400000,6100000,False
2,False,True,2000000,5300000,10,681,4900000,1400000,4300000,2900000,True
2,True,True,8100000,22300000,18,737,22300000,12600000,27000000,7300000,True
0,False,False,5700000,15900000,16,638,100000,9500000,16300000,4500000,True
4,False,False,5800000,12800000,2,656,500000,5000000,16000000,2800000,True
1,True,False,1800000,6500000,6,540,2500000,3200000,5000000,1100000,False
4,False,True,9100000,35200000,6,341,1000000,300000,23100000,8200000,False
0,False,True,4800000,17500000,2,371,11700000,6800000,18700000,3500000,True
3,False,True,3800000,10500000,12,886,4000000,500000,14900000,2300000,True
0,False,False,1900000,4100000,18,801,400000,800000,4800000,1200000,True
3,False,True,3600000,9500000,16,748,7700000,2400000,9700000,2600000,True
2,False,True,7400000,28200000,8,376,21900000,5000000,17400000,5200000,False
4,False,True,6600000,14300000,8,371,10800000,9500000,18500000,7400000,False
2,True,False,1800000,5300000,6,826,4500000,700000,6500000,1300000,True
4,False,False,9200000,27200000,12,873,4500000,1800000,33800000,11400000,True
5,False,True,2400000,8600000,8,309,500000,600000,5700000,2800000,False
4,False,False,5600000,13300000,20,869,3300000,7500000,20000000,6500000,True
5,True,False,3800000,13900000,12,534,4700000,2900000,8200000,2800000,False
3,False,True,4500000,17900000,6,787,9800000,3600000,14300000,4200000,True
0,True,True,900000,2200000,16,566,100000,700000,2000000,600000,True
0,False,False,2800000,9900000,8,742,4900000,1300000,6700000,1700000,True
2,False,False,7500000,23100000,4,824,12100000,10900000,26300000,9500000,True
4,True,False,1400000,3100000,14,575,3000000,2100000,4900000,1400000,True
2,True,True,3800000,10900000,10,766,1900000,3900000,8600000,3000000,True
1,False,True,1700000,5000000,10,888,2900000,900000,4100000,2200000,True
3,True,True,9000000,30400000,6,638,16800000,11000000,26900000,9200000,True
5,False,True,7300000,23300000,6,622,7100000,11600000,26400000,10500000,True
1,False,False,7400000,19800000,18,458,12600000,6200000,27700000,4000000,False
1,False,False,9000000,28200000,16,327,1700000,2300000,24000000,11200000,False
0,False,False,3000000,6500000,2,612,8800000,3400000,6700000,1700000,True
1,True,False,800000,2900000,8,682,2200000,1100000,2900000,700000,True
2,True,False,4800000,13200000,2,583,13700000,5800000,9500000,5200000,True
5,False,False,6400000,18300000,8,697,10000000,3600000,22500000,3600000,True
3,True,False,9200000,27100000,12,306,5800000,11500000,28000000,9600000,False
4,False,True,400000,1500000,2,669,-100000,600000,900000,500000,True
2,False,False,2800000,6000000,18,816,6300000,4200000,8000000,3400000,True
4,False,True,8500000,28900000,20,455,15200000,5800000,22500000,9400000,False
3,True,True,4700000,16400000,10,318,11400000,8100000,16200000,4300000,False
4,False,True,9800000,21200000,20,355,22000000,8900000,31800000,14400000,False
2,False,True,3800000,8900000,16,389,200000,5600000,12200000,2200000,False
2,True,False,500000,1500000,2,888,1500000,300000,1500000,600000,True
2,True,True,6900000,15600000,6,352,13000000,5300000,22600000,10000000,False
4,False,True,9600000,30100000,12,870,300000,6700000,38200000,5600000,True
3,False,False,2900000,6500000,18,827,8300000,600000,10400000,3200000,True
2,True,False,9800000,20900000,12,768,3400000,10200000,38600000,13400000,True
0,True,False,7100000,15400000,18,707,10300000,10800000,19600000,5800000,True
1,False,True,7700000,19100000,10,355,11300000,4900000,21900000,6600000,False
3,True,False,1400000,3300000,2,652,100000,2100000,3500000,1900000,True
3,True,False,7800000,15900000,2,665,14400000,900000,27200000,5400000,True
5,False,True,1700000,6000000,18,420,500000,1600000,3700000,2300000,False
2,False,False,8500000,32700000,18,471,12600000,9400000,33900000,12500000,False
5,False,False,1900000,7500000,20,715,5100000,2800000,6500000,2800000,True
2,False,True,6700000,15200000,10,689,0,8200000,15000000,6800000,True
3,True,True,6900000,16400000,4,787,11100000,6100000,26400000,3800000,True
2,True,False,2600000,7800000,4,819,3100000,4300000,5700000,1500000,True
4,True,True,9600000,21100000,6,809,16100000,9500000,34700000,8700000,True
1,False,True,6800000,17000000,2,744,15500000,3900000,23700000,3500000,True
0,False,False,3200000,11300000,6,484,3500000,5500000,8500000,2100000,False
4,False,False,2900000,10400000,6,673,5100000,1700000,10600000,1700000,True
3,True,True,7900000,21200000,18,695,13800000,10600000,21800000,4900000,True
4,False,True,3900000,12400000,12,473,6400000,4700000,13100000,3800000,False
4,True,True,4600000,11000000,2,491,9000000,4000000,16100000,3500000,False
3,False,True,700000,1700000,8,733,1200000,800000,2400000,500000,True
0,False,False,5200000,15600000,20,434,14100000,5800000,18100000,5500000,False
3,False,True,5900000,20600000,10,777,1900000,4600000,21200000,6400000,True
4,True,False,7200000,19100000,4,774,9400000,7000000,17900000,3600000,True
1,False,True,8700000,27000000,10,717,25500000,8600000,17500000,9100000,True
3,False,True,1100000,3500000,12,503,3000000,400000,2200000,1200000,False
1,True,True,4000000,10900000,14,598,3600000,6600000,13600000,4400000,True
2,True,False,9800000,32400000,2,543,24200000,17500000,25700000,7700000,True
0,False,True,2700000,6800000,20,796,700000,4200000,7000000,1900000,True
3,False,True,8800000,34600000,8,386,14800000,16500000,18400000,6000000,False
5,False,True,3300000,7800000,16,632,8500000,500000,7100000,4900000,True
1,True,True,6900000,23400000,4,481,18700000,1100000,23400000,10200000,True
3,True,True,900000,3500000,4,770,700000,0,2000000,600000,False
3,True,True,4100000,15500000,6,667,2800000,1600000,14700000,4000000,True
3,False,True,4700000,17500000,8,585,1200000,3100000,9600000,4900000,True
5,True,True,3400000,11600000,16,479,9200000,5700000,11200000,2400000,False
2,True,False,9600000,22500000,18,851,7400000,16200000,24300000,12700000,True
3,False,True,7000000,16200000,6,378,20000000,12600000,20300000,5500000,False
5,True,False,5700000,12900000,18,807,4100000,900000,18600000,5500000,True
1,False,True,8200000,32400000,18,831,22800000,12300000,17700000,7800000,True
2,False,False,2100000,5100000,12,674,2200000,3200000,6400000,2400000,True
1,False,True,8000000,28100000,18,725,1900000,12800000,23000000,7500000,True
2,False,False,8000000,29300000,4,600,16500000,13200000,29400000,6500000,True
0,False,True,9400000,27000000,10,536,4400000,1700000,33800000,4800000,False
0,True,False,8400000,20600000,10,477,1500000,1500000,25000000,11900000,False
1,False,True,1900000,5000000,6,560,1000000,1900000,6300000,1400000,True
0,False,True,4200000,16400000,20,539,9500000,2100000,11400000,3100000,False
5,True,False,2600000,9100000,8,852,3700000,700000,10300000,3300000,True
3,False,False,3700000,8500000,20,853,8300000,5700000,7500000,4900000,True
0,True,False,8800000,30900000,12,729,1700000,700000,25700000,11400000,True
2,False,False,2100000,4700000,2,546,6000000,3200000,5700000,1500000,False
3,True,True,900000,2400000,10,489,800000,0,2800000,500000,False
3,True,True,9800000,35400000,6,869,14400000,16400000,22800000,10300000,True
2,False,False,8000000,20000000,2,502,4100000,2200000,31600000,9900000,False
0,True,False,9800000,38800000,8,652,23200000,19000000,29700000,5400000,True
0,False,True,300000,1100000,8,789,400000,100000,800000,400000,True
4,False,False,2700000,8100000,4,325,5000000,800000,9900000,3400000,True
3,True,True,7400000,19600000,2,716,4100000,8900000,29100000,4200000,True
3,True,False,9200000,34300000,18,523,25600000,4000000,29100000,8800000,False
5,False,False,9500000,22200000,20,352,24500000,0,30800000,7000000,False
5,True,True,3800000,14400000,2,345,3300000,800000,13000000,4700000,True
0,True,False,8300000,19400000,18,649,2500000,16100000,24300000,11300000,True
2,True,True,2800000,7400000,18,666,100000,2300000,6300000,3400000,True
0,True,False,8600000,20900000,10,813,11300000,11900000,26000000,4800000,True
0,False,False,5400000,16800000,10,599,5300000,7400000,14500000,7600000,True
5,True,True,4200000,9400000,6,678,4700000,5500000,9900000,5700000,True
5,False,False,5200000,12200000,20,513,13400000,2000000,16800000,5400000,False
5,True,False,9400000,27900000,4,870,1100000,200000,29500000,10400000,True
3,True,False,8800000,20400000,8,483,3200000,11400000,28200000,11800000,False
1,True,True,5900000,16700000,16,308,5800000,8800000,19100000,5300000,False
3,True,True,1700000,4900000,16,591,4700000,1000000,4300000,1400000,True
1,False,False,7000000,23000000,10,886,14000000,3700000,26700000,3600000,True
4,False,False,1700000,4000000,6,829,0,1600000,5200000,1700000,True
0,False,False,1500000,4900000,12,651,1600000,2800000,4600000,800000,True
4,False,False,2000000,4700000,18,733,3700000,3700000,7000000,2800000,True
5,True,True,3900000,15500000,12,433,9500000,5400000,7900000,4600000,False
1,True,True,900000,3600000,14,713,1300000,1000000,1800000,1200000,True
1,True,False,6900000,22500000,18,403,800000,8400000,16900000,6300000,False
0,True,True,2800000,7800000,10,405,7800000,2500000,7100000,3400000,False
3,True,True,6800000,19900000,10,516,16000000,6000000,26000000,8500000,False
4,False,True,600000,1800000,8,417,1700000,700000,1800000,800000,False
1,False,False,4700000,14000000,6,468,11300000,1800000,10600000,4600000,False
5,True,True,3000000,11800000,10,672,8700000,3600000,9800000,4100000,True
5,False,False,4000000,13900000,6,530,6000000,5600000,12500000,6000000,False
1,False,True,3100000,11300000,14,824,3700000,6000000,11000000,4400000,True
1,False,True,7700000,25500000,12,549,18100000,10600000,20500000,7000000,False
5,False,True,4300000,9300000,10,450,2100000,6700000,10000000,4100000,False
1,True,True,5800000,19500000,20,431,13800000,5000000,15600000,3300000,False
3,True,True,3600000,10700000,16,312,2300000,1600000,13100000,5200000,False
0,False,True,2900000,7600000,8,320,8000000,5600000,9600000,3100000,False
0,True,False,8800000,20200000,4,433,16000000,4200000,30500000,12400000,False
1,False,True,300000,1000000,10,431,400000,500000,900000,100000,False
5,False,True,8600000,28900000,8,516,9900000,1800000,30200000,6800000,False
2,False,True,3500000,12000000,14,476,1100000,6800000,12400000,2900000,False
5,True,False,800000,2600000,6,560,100000,200000,3000000,1000000,True
2,True,False,8000000,27100000,12,674,14400000,400000,25300000,6400000,True
0,False,True,9900000,38200000,6,573,17200000,10000000,20100000,5900000,True
2,False,False,3300000,6600000,6,331,6300000,2000000,8900000,2700000,False
4,True,True,2000000,6700000,12,633,100000,800000,4800000,2000000,True
3,False,False,4900000,12900000,18,877,1800000,7000000,17900000,3300000,True
5,False,True,9200000,23600000,12,656,1400000,11200000,36400000,4900000,True
0,False,False,7500000,18200000,6,782,7400000,12000000,19800000,4100000,True
5,False,False,9000000,29300000,4,531,10400000,9500000,35500000,5800000,True
3,False,False,1400000,4100000,8,455,3000000,1400000,2900000,2100000,False
3,True,False,9600000,19900000,14,452,4200000,16200000,28500000,6600000,False
2,True,False,8400000,33200000,14,474,19600000,15000000,25400000,11500000,False
3,False,False,6400000,24400000,4,483,7800000,2400000,19100000,4500000,True
4,True,False,5900000,16800000,8,481,6900000,11400000,19500000,3300000,False
2,True,True,2200000,5100000,20,859,3800000,1200000,6400000,3100000,True
4,True,True,5600000,14100000,14,696,9000000,9200000,16500000,6800000,True
4,False,False,9800000,28700000,6,778,16600000,7400000,29700000,11100000,True
4,True,False,4400000,14600000,4,499,1300000,6500000,16100000,5700000,True
2,False,True,2400000,4900000,4,888,6400000,4300000,5100000,3400000,True
1,True,False,4400000,10800000,12,674,9600000,2700000,17200000,5300000,True
4,True,False,3700000,13200000,4,802,9800000,2400000,12500000,4300000,True
4,False,True,2300000,7800000,8,540,1500000,3400000,4700000,2800000,False
4,True,True,5900000,19600000,8,726,17400000,6800000,20100000,8000000,True
4,False,True,6400000,23500000,2,485,7300000,2700000,23600000,3900000,True
4,True,True,4900000,17100000,6,612,1300000,7000000,19500000,5000000,True
3,False,True,9500000,24200000,8,879,3100000,17200000,26400000,12700000,True
2,False,False,5700000,16400000,12,708,3700000,800000,15000000,4400000,True
2,False,True,2700000,5700000,8,850,3500000,5000000,10500000,3900000,True
2,False,True,3900000,11300000,12,516,3100000,0,10400000,4600000,False
0,False,False,7800000,28800000,12,465,4700000,7500000,28800000,7400000,False
0,True,False,1100000,3200000,20,716,1800000,1400000,3600000,1500000,True
4,False,False,200000,600000,10,404,0,100000,400000,0,False
0,False,True,4700000,10600000,20,512,8400000,4000000,12300000,7000000,False
3,False,True,8200000,20600000,10,441,16100000,11400000,29100000,6100000,False
2,False,True,4600000,18400000,2,555,7700000,2400000,14200000,4200000,True
5,False,False,1800000,7000000,18,466,2600000,2100000,6000000,1900000,False
3,True,True,3200000,8600000,2,427,3900000,1800000,7100000,4700000,False
4,False,True,5500000,20000000,14,593,15100000,2700000,19900000,4900000,True
3,True,False,7900000,18300000,10,731,4200000,3400000,22200000,8400000,True
1,True,True,4000000,10100000,16,451,7000000,3900000,14300000,3900000,False
3,False,True,6800000,16900000,18,628,3600000,900000,15600000,4900000,True
1,False,False,2700000,9400000,18,704,5300000,2300000,6400000,2400000,True
2,False,False,6800000,23500000,12,341,19300000,11800000,14300000,8500000,False
5,True,False,8600000,21000000,8,465,11700000,14900000,19500000,9900000,False
4,True,False,8000000,30100000,4,431,11900000,13800000,18800000,11500000,True
1,True,True,3700000,12600000,10,424,5400000,1100000,14200000,4400000,False
0,True,False,2600000,5100000,14,678,500000,1200000,6000000,3100000,True
4,True,False,4200000,16800000,6,381,9600000,3800000,14800000,5900000,False
5,True,True,8000000,28000000,10,449,18500000,1500000,17400000,3900000,False
1,False,False,7100000,23500000,12,768,6400000,12100000,22400000,7300000,True
0,False,False,2000000,7000000,6,666,0,1200000,4300000,1400000,False
4,False,True,5800000,13300000,14,742,16100000,9300000,16300000,7000000,True
3,False,True,6700000,15800000,4,445,10500000,7600000,14100000,9100000,False
2,True,False,7300000,28700000,14,634,5900000,3800000,21200000,10800000,True
4,False,False,3300000,9700000,14,782,2500000,0,10400000,2200000,True
0,True,False,3000000,7000000,10,781,7200000,600000,11700000,2700000,True
4,False,False,7900000,17200000,14,318,14200000,9500000,23200000,9000000,False
5,False,False,7600000,24100000,18,721,21900000,11500000,22900000,7200000,True
5,False,False,3700000,9800000,4,563,9500000,5100000,11200000,3000000,True
2,False,False,8400000,26300000,4,419,22900000,7900000,29200000,6200000,True
0,True,True,8200000,20800000,14,372,3800000,100000,26100000,5200000,False
0,False,False,2900000,9500000,18,885,4300000,2300000,6500000,3500000,True
1,False,True,9900000,38400000,12,596,10000000,9300000,36500000,6800000,True
0,True,False,4400000,14100000,2,349,3300000,1300000,8800000,6200000,True
1,False,True,9000000,32200000,16,468,4500000,16400000,28600000,10900000,False
3,False,True,6800000,26900000,16,818,14700000,10400000,26300000,7300000,True
2,False,False,8700000,28000000,12,543,16900000,6000000,22900000,6700000,False
3,True,False,9400000,21900000,16,685,8100000,5600000,34500000,5000000,True
3,False,True,6000000,12500000,18,851,14600000,5000000,16800000,5000000,True
1,False,True,9400000,29800000,10,377,24100000,18500000,30900000,11700000,False
0,False,True,1000000,4000000,10,620,2400000,1300000,3700000,1100000,True
3,True,True,900000,2300000,20,611,600000,1500000,1900000,500000,True
4,False,False,2100000,7700000,4,767,1200000,1700000,6900000,1300000,True
5,True,True,1100000,3200000,20,592,3200000,700000,3500000,500000,True
0,True,True,600000,2300000,4,319,1600000,800000,2300000,700000,True
4,False,True,9200000,25500000,10,900,9400000,10500000,27400000,12800000,True
2,False,True,3600000,12800000,18,814,8600000,4100000,10300000,4100000,True
5,False,True,1300000,5000000,10,755,2100000,2200000,4800000,1900000,True
5,True,True,7700000,16800000,20,584,8600000,4800000,23400000,8000000,True
4,True,True,9500000,23500000,14,380,22900000,6700000,25100000,7300000,False
2,False,True,5000000,17600000,20,465,6200000,5200000,16500000,5200000,False
0,False,False,500000,1800000,2,531,1300000,500000,1900000,700000,True
1,True,True,8300000,32100000,16,814,18500000,2700000,28900000,7500000,True
0,True,False,5300000,17900000,6,678,4700000,3900000,14400000,3600000,True
2,False,True,9300000,29000000,12,655,7900000,6800000,29900000,4900000,True
3,False,False,2300000,7400000,2,682,6500000,2400000,7600000,2100000,True
1,False,False,400000,1300000,6,695,200000,500000,800000,100000,True
3,False,False,3200000,10800000,4,833,2600000,1000000,8700000,2600000,True
5,False,True,9400000,35300000,16,302,4100000,12500000,37000000,12900000,False
1,True,False,2300000,6600000,2,357,5900000,200000,6000000,2200000,False
5,False,False,4300000,14500000,12,302,12500000,4300000,12500000,5100000,False
0,True,True,6200000,22400000,18,873,15700000,6600000,15800000,8200000,True
0,False,True,7200000,19800000,12,658,12700000,8100000,25000000,7300000,True
5,True,True,2400000,8700000,18,877,2800000,2900000,7100000,1100000,True
3,False,False,2900000,6300000,8,648,3400000,3400000,7600000,1400000,True
1,True,False,1400000,5200000,12,730,2900000,0,3700000,700000,True
4,False,True,2200000,8200000,14,737,5800000,2800000,8200000,1400000,True
2,True,True,800000,3200000,10,584,0,200000,2100000,700000,False
0,True,False,600000,1700000,2,621,400000,400000,2000000,200000,True
4,True,True,700000,2700000,16,583,1100000,1200000,1400000,300000,True
2,False,False,8400000,25900000,16,621,8600000,13400000,33500000,4200000,True
2,False,False,7100000,21500000,16,610,5800000,12100000,14200000,9300000,True
4,True,False,5400000,15700000,18,452,13700000,2600000,16500000,6600000,False
5,True,False,3700000,7300000,18,339,9300000,100000,13900000,5300000,False
3,True,True,5200000,15200000,16,650,1300000,5700000,13500000,4100000,True
4,False,True,200000,700000,10,672,200000,200000,300000,300000,True
3,True,False,500000,1000000,20,501,800000,800000,900000,200000,False
2,False,True,1800000,5700000,4,809,1200000,1900000,6300000,2400000,True
5,True,True,9200000,29400000,8,318,18000000,5900000,33800000,5400000,False
4,False,False,900000,3300000,10,649,0,400000,1800000,1200000,True
3,False,False,7500000,28300000,12,367,9200000,11300000,22700000,7000000,False
5,False,False,3000000,11800000,6,847,8200000,2200000,7100000,2300000,True
5,True,False,7100000,18900000,12,360,10700000,1100000,19800000,8500000,False
1,True,True,3500000,7200000,2,865,4100000,3200000,11900000,4200000,True
4,False,False,4900000,18800000,16,880,4200000,4700000,13200000,2600000,True
1,True,False,4100000,8400000,20,608,1400000,8000000,10000000,4400000,True
0,True,True,800000,2100000,6,760,300000,100000,1600000,600000,True
3,True,True,1700000,4600000,12,385,1500000,1300000,5200000,1700000,False
0,True,True,6100000,23300000,12,478,3800000,2300000,17700000,4900000,False
1,True,True,2100000,7700000,16,327,5000000,500000,4700000,2300000,False
0,True,False,3100000,9300000,6,663,1300000,1400000,8100000,3800000,True
2,False,True,1700000,3500000,20,693,2200000,1400000,4800000,1700000,True
3,True,False,1700000,5400000,6,710,4800000,700000,5800000,1700000,True
4,False,True,4000000,14500000,6,711,2400000,5700000,10900000,4100000,True
5,True,False,5600000,18400000,8,386,11300000,6700000,11300000,5600000,False
4,True,True,3900000,11900000,10,855,10200000,4000000,10200000,2800000,True
4,True,True,6100000,15300000,14,573,1100000,9900000,13300000,8400000,True
0,True,True,1100000,2800000,18,431,500000,300000,4300000,1400000,False
2,True,False,5500000,14800000,8,364,13000000,4500000,12600000,4500000,False
4,True,True,1100000,3600000,14,711,2500000,500000,3600000,600000,True
4,False,True,400000,900000,20,771,1000000,500000,1600000,500000,True
3,True,False,9200000,36400000,18,669,3100000,12700000,30900000,12300000,True
4,False,True,9300000,27500000,18,338,21500000,500000,34900000,6600000,False
1,True,False,1100000,3500000,8,562,2300000,1200000,3200000,500000,True
3,False,False,5600000,18700000,2,769,8000000,8200000,17300000,4800000,True
0,True,True,6300000,21500000,8,629,600000,3400000,22000000,5200000,True
3,True,False,8800000,18100000,6,699,6400000,2100000,18500000,9400000,True
0,False,False,8400000,20800000,20,590,5100000,8900000,32100000,10800000,True
3,True,True,1600000,5700000,4,707,3300000,2700000,6200000,2300000,True
3,False,True,4500000,11400000,8,391,8500000,6800000,9900000,4500000,False
5,False,False,6500000,18500000,4,891,13600000,3300000,23600000,7100000,True
3,True,True,9500000,20600000,2,731,13400000,3800000,20700000,9200000,True
3,False,False,4700000,16700000,12,775,4000000,1700000,17300000,3500000,True
5,True,True,9600000,32400000,2,897,3500000,15400000,26800000,6200000,True
5,True,False,8000000,26700000,20,794,8000000,14700000,29900000,7800000,True
2,True,False,7700000,16700000,6,555,12900000,2900000,18100000,8500000,True
1,False,True,3600000,10300000,12,536,6800000,500000,12200000,2700000,False
2,False,False,700000,1700000,10,839,100000,700000,2000000,900000,True
0,True,True,1400000,5100000,6,890,4100000,1900000,5200000,1900000,True
1,True,True,8600000,27900000,20,415,12200000,14800000,27100000,7900000,False
4,True,False,4700000,15700000,4,868,3300000,2500000,13800000,4800000,True
3,True,True,2900000,5800000,12,353,8400000,2600000,10100000,3100000,False
4,False,False,9000000,29000000,16,590,4600000,15600000,29200000,12300000,True
5,True,True,500000,900000,18,618,1400000,600000,1200000,400000,True
2,False,True,700000,1700000,10,539,1400000,1000000,1900000,900000,False
0,True,False,6800000,27000000,4,429,17100000,7600000,21400000,9400000,True
2,True,False,1800000,4700000,8,792,4500000,1200000,4100000,2200000,True
0,False,False,6000000,12400000,2,608,3000000,2100000,17900000,6800000,True
4,True,True,5400000,21500000,14,555,4300000,1500000,14300000,7500000,True
5,True,True,8400000,17500000,12,620,15300000,13600000,26000000,5800000,True
0,True,False,7400000,20900000,6,635,15600000,14000000,21000000,7200000,True
2,True,False,3200000,12500000,10,457,6100000,2000000,8200000,4300000,False
1,True,True,5400000,21400000,8,350,2600000,1000000,19700000,6800000,False
5,True,True,1000000,2500000,14,885,2200000,100000,2300000,1100000,True
0,True,False,4400000,14700000,16,638,4000000,2700000,14400000,2700000,True
1,True,True,3800000,10500000,12,710,1800000,6200000,12500000,2500000,True
3,False,True,6100000,20900000,18,470,500000,8500000,18000000,7500000,False
5,False,True,5500000,17300000,16,874,1000000,2900000,13700000,7900000,True
5,False,True,500000,1800000,18,411,1000000,500000,1300000,200000,False
0,False,True,300000,1100000,2,482,200000,100000,1100000,400000,True
1,True,True,6200000,16900000,2,396,10600000,7500000,23700000,7600000,False
0,False,False,300000,900000,20,436,0,400000,600000,200000,False
0,False,True,6900000,22100000,20,303,13600000,4600000,22000000,6900000,False
4,True,False,3700000,11400000,12,728,4200000,5800000,7300000,2300000,True
3,False,True,8800000,28600000,10,775,5200000,5000000,32000000,9600000,True
5,True,True,8200000,23500000,12,402,15100000,1500000,24300000,5800000,False
1,False,True,9200000,31500000,18,698,5300000,6100000,20400000,8300000,True
0,False,False,2400000,7800000,14,665,5200000,2900000,6200000,2900000,True
4,False,False,4100000,13500000,18,490,4700000,6200000,13900000,2000000,False
1,True,False,8000000,31900000,12,504,23800000,1500000,22100000,6000000,False
3,False,True,3600000,8600000,8,790,5400000,5900000,9800000,5200000,True
1,False,True,700000,2700000,20,669,100000,1000000,2600000,500000,True
4,False,False,8300000,30700000,6,381,21700000,2300000,26700000,4600000,False
0,True,True,5300000,15000000,2,900,1700000,2100000,21000000,5800000,True
4,True,False,8300000,24900000,16,506,15400000,5600000,26700000,7000000,False
3,False,True,2500000,8800000,12,538,4900000,1800000,9100000,3300000,False
3,True,True,5400000,14400000,8,677,11000000,7900000,20800000,3100000,True
4,True,False,1600000,4900000,8,685,3200000,2000000,3800000,1500000,True
2,False,False,2400000,6200000,12,860,4900000,3700000,9500000,1100000,True
5,False,False,6300000,14800000,6,608,16100000,10500000,21800000,5400000,True
4,True,True,2500000,5300000,10,540,2300000,2800000,7100000,1700000,False
0,True,True,7500000,16800000,16,492,21500000,4800000,25400000,11100000,False
3,False,False,2900000,8500000,14,834,1200000,4500000,8800000,1800000,True
3,True,True,1000000,3500000,16,834,800000,1700000,3000000,700000,True
2,True,True,8600000,28800000,8,890,23300000,5900000,21200000,7200000,True
1,False,False,300000,1100000,12,443,600000,400000,1200000,200000,False
5,False,False,2300000,5700000,18,329,5600000,3300000,4900000,2700000,False
2,False,True,2400000,5400000,12,739,300000,2500000,5000000,3000000,True
5,True,True,9800000,30300000,6,867,20800000,16000000,30200000,7600000,True
2,False,False,8100000,24800000,6,307,200000,4000000,31100000,10500000,False
3,True,False,6700000,15500000,18,492,2100000,2000000,26300000,9400000,False
1,False,True,8400000,24700000,18,698,23000000,13200000,32700000,12200000,True
2,True,False,200000,700000,8,851,400000,200000,800000,200000,True
2,True,False,4700000,12500000,14,375,1300000,6300000,10100000,5400000,False
0,True,True,4300000,14300000,14,601,3800000,900000,16700000,5700000,True
4,False,False,2200000,7000000,20,756,3600000,3900000,5700000,1200000,True
4,True,True,8600000,19200000,4,868,20400000,1500000,32800000,9300000,True
4,True,True,2000000,7200000,10,838,2500000,300000,7600000,1000000,True
4,False,True,4200000,15900000,14,375,7200000,7900000,16200000,3000000,False
0,False,True,5100000,12500000,18,778,3300000,1000000,14800000,3200000,True
2,True,True,4100000,11200000,6,442,12200000,4100000,10000000,4500000,False
1,True,True,9900000,39500000,12,808,11800000,3700000,30200000,13500000,True
1,False,True,3200000,9000000,20,372,2700000,2800000,7200000,3800000,False
2,True,False,5500000,19000000,4,597,1100000,4000000,18700000,5300000,True
0,True,True,7800000,29100000,20,435,21100000,13000000,17300000,9700000,False
3,True,True,3400000,9700000,20,728,1500000,1500000,7300000,2400000,True
4,True,True,7900000,25900000,14,373,10900000,14300000,27700000,7600000,False
3,True,True,8900000,18500000,10,367,6100000,0,32000000,10300000,False
2,True,False,7300000,19100000,14,552,2000000,13400000,16800000,4000000,True
4,False,True,3300000,10600000,8,465,500000,4400000,7300000,2800000,False
4,True,True,2900000,10500000,8,607,4400000,5500000,7600000,3800000,True
2,True,True,500000,1300000,4,427,1400000,500000,1800000,600000,False
3,False,False,7200000,21200000,4,711,10800000,4200000,24900000,5700000,True
3,False,False,8300000,24100000,14,823,5900000,700000,24000000,7700000,True
1,False,True,8700000,20500000,6,523,19300000,6500000,23700000,4800000,False
4,False,True,7100000,27900000,10,328,9000000,13400000,26500000,7700000,False
3,True,True,9800000,28200000,12,721,15800000,6500000,21900000,9600000,True
0,True,True,6900000,17000000,20,599,18100000,9400000,26600000,4300000,True
0,False,False,2400000,5000000,14,580,5900000,4400000,5500000,3200000,True
1,False,True,2100000,4900000,10,744,200000,2000000,5400000,1000000,True
2,True,True,7200000,23900000,4,559,4200000,12200000,17800000,10800000,True
2,True,False,4600000,13500000,16,587,7700000,5900000,10600000,5000000,True
5,True,True,9900000,31800000,18,817,23400000,700000,32600000,11500000,True
4,False,True,300000,1000000,20,655,0,100000,1100000,400000,True
5,True,True,6900000,23900000,6,382,17100000,6900000,21500000,8900000,False
2,True,True,1700000,4300000,6,765,5000000,1500000,3400000,900000,True
2,True,True,4400000,10000000,20,516,7400000,7600000,12200000,5100000,False
4,False,True,4300000,15000000,8,383,4700000,100000,9000000,4900000,False
2,False,False,3700000,14100000,6,633,800000,200000,11300000,3400000,True
1,True,False,5900000,15200000,2,547,17100000,2000000,14700000,3600000,False
5,False,True,8600000,26300000,10,843,23300000,9800000,18100000,11300000,True
3,False,True,3400000,13200000,8,783,6500000,300000,13000000,4900000,True
3,False,True,1000000,3200000,14,790,1900000,100000,3600000,1100000,True
1,False,True,4400000,14200000,16,409,12700000,1300000,12600000,4500000,False
0,False,False,3600000,7800000,14,376,9800000,6900000,11900000,3000000,False
3,False,False,1400000,2700000,8,625,3100000,1800000,3400000,1000000,True
0,False,False,5300000,10900000,18,707,12900000,2600000,12700000,7600000,True
3,True,True,9400000,20500000,6,645,17400000,13000000,24500000,10200000,True
4,False,True,6600000,22100000,6,887,3600000,3500000,19800000,4700000,True
5,True,False,9800000,37600000,18,319,19200000,5100000,19900000,5100000,False
1,False,False,1900000,4900000,20,647,4100000,2100000,6800000,1700000,True
2,False,True,5800000,22500000,6,888,11900000,2600000,17100000,4800000,True
2,False,False,3100000,10400000,10,420,6900000,5900000,10000000,3500000,False
0,True,False,6800000,18400000,2,791,4000000,900000,20200000,9900000,True
5,False,False,4600000,16200000,12,891,5900000,1200000,10800000,3700000,True
2,False,True,200000,700000,16,641,600000,200000,600000,100000,True
3,False,True,9500000,22800000,6,319,200000,18800000,34100000,9400000,False
5,False,True,6200000,22200000,20,819,13500000,6600000,21700000,8700000,True
4,False,True,9700000,32300000,18,387,11600000,14300000,20000000,5400000,False
5,True,True,4200000,12300000,2,686,10500000,200000,15600000,4200000,True
1,True,True,5700000,12000000,4,415,15700000,900000,17300000,7400000,False
2,True,True,200000,500000,6,885,-100000,0,300000,200000,False
4,True,False,8000000,25500000,4,722,17200000,13900000,26200000,4900000,True
4,True,False,5200000,20400000,20,761,4700000,1600000,14300000,6200000,True
1,True,True,7100000,15200000,8,389,5900000,900000,24300000,5900000,False
1,True,True,9300000,27900000,12,600,2100000,4200000,29000000,6600000,True
5,True,False,2000000,6100000,2,407,1900000,1900000,4600000,2000000,True
3,True,True,3900000,14000000,18,829,5200000,4000000,11600000,2700000,True
2,False,False,2800000,5900000,6,895,1000000,3900000,10900000,1500000,True
5,True,True,3000000,11100000,12,441,8500000,2500000,7300000,2000000,False
4,False,False,4500000,9800000,16,895,9800000,8200000,13900000,5500000,True
4,True,False,1900000,4300000,4,826,2400000,0,7000000,900000,True
1,True,False,2300000,7200000,8,453,3000000,2100000,8100000,3400000,False
0,True,False,4700000,17500000,2,701,5400000,2300000,11700000,7000000,True
2,False,True,1300000,2700000,8,627,100000,300000,2600000,1300000,True
3,True,False,3100000,11000000,2,543,5900000,2200000,9000000,2400000,True
0,True,False,8400000,17500000,18,411,13200000,5300000,31300000,10400000,False
5,True,True,1700000,5800000,4,583,2000000,1800000,6000000,2300000,True
2,False,False,1900000,7500000,2,889,600000,1100000,7100000,2600000,True
3,False,False,2400000,8600000,8,684,3400000,2400000,6200000,1600000,True
5,True,False,6800000,20500000,10,578,500000,11800000,27200000,3400000,True
1,True,False,2900000,10900000,20,445,6600000,2800000,9300000,2600000,False
4,True,True,8900000,26300000,10,369,23900000,7000000,27400000,12100000,False
1,False,False,8800000,22200000,18,794,8400000,11900000,21000000,10500000,True
0,True,True,8200000,19200000,16,492,16500000,9200000,20000000,7200000,False
3,False,True,3600000,13200000,16,557,9800000,4000000,9900000,2100000,True
4,True,True,9500000,31800000,6,519,5900000,1300000,28400000,12200000,False
0,False,True,1900000,5700000,18,699,5500000,200000,6500000,2000000,True
3,False,True,9100000,24600000,2,741,8000000,4000000,35500000,13600000,True
5,True,False,1100000,3800000,18,508,200000,1800000,2300000,900000,False
5,False,True,1100000,2800000,10,647,2700000,2000000,4300000,1400000,True
1,True,False,9300000,28600000,14,656,17300000,9100000,27400000,12500000,True
4,True,True,3900000,10600000,2,439,300000,7600000,14800000,2500000,False
5,False,True,1500000,4000000,12,350,2900000,1900000,4400000,1200000,False
5,True,False,800000,2200000,6,493,900000,500000,2800000,1000000,False
4,True,False,600000,1800000,6,851,100000,1100000,2100000,800000,True
2,True,False,4400000,12500000,18,492,7900000,1200000,10100000,2700000,False
4,True,True,2700000,5400000,6,861,6300000,2400000,6700000,2700000,True
3,False,True,6200000,14600000,2,664,18300000,8400000,16800000,6600000,True
5,True,True,700000,1300000,16,362,2100000,1300000,2000000,1000000,False
0,True,False,3400000,9400000,6,703,600000,6000000,8600000,2600000,True
1,False,True,4900000,16800000,12,758,1700000,2700000,11100000,5900000,True
3,False,True,4200000,9700000,2,396,700000,8200000,8600000,4300000,False
0,True,True,5300000,10600000,2,828,8100000,6700000,17400000,5800000,True
5,True,True,3700000,10000000,20,709,8000000,800000,12000000,2200000,True
4,False,True,5600000,17500000,10,528,14200000,2300000,12100000,7200000,False
2,True,True,4300000,16000000,14,623,9800000,6700000,17000000,4500000,True
4,False,True,7100000,24500000,14,599,9100000,7000000,20400000,6800000,True
4,True,True,5400000,12700000,4,622,11000000,3300000,15100000,6500000,True
0,False,False,6000000,13100000,6,385,16600000,7600000,22000000,7400000,False
4,True,True,4100000,12500000,2,579,10900000,7200000,12200000,2000000,True
4,False,False,8300000,17900000,20,846,12700000,1300000,26800000,12200000,True
3,True,False,8100000,23900000,10,449,7100000,6100000,28300000,8900000,False
1,False,False,7200000,24900000,14,666,3600000,11600000,16600000,5800000,True
5,True,False,7200000,17500000,4,380,2300000,400000,17500000,6200000,False
2,True,True,3500000,8100000,4,589,3800000,6700000,12500000,2700000,True
1,True,False,6200000,19500000,12,845,9100000,2900000,15300000,4000000,True
3,False,False,5200000,17300000,10,401,2600000,1400000,12700000,6400000,False
0,False,False,4500000,14500000,2,766,6100000,8400000,17200000,6600000,True
5,False,False,5400000,15100000,12,522,5200000,4700000,13900000,5700000,False
3,False,True,2000000,6900000,6,834,2200000,2800000,6400000,3000000,True
3,True,False,8900000,25400000,8,588,19400000,12100000,18800000,4500000,True
2,True,False,5000000,10600000,4,570,11900000,900000,14800000,7100000,True
2,True,False,4900000,17600000,6,860,13600000,7500000,12700000,5600000,True
4,True,True,5300000,19200000,4,655,14200000,6900000,17800000,3900000,True
3,False,True,8500000,27700000,4,457,3600000,400000,18900000,5200000,True
5,True,True,700000,2100000,14,863,100000,1200000,2700000,600000,True
3,False,True,5900000,18900000,4,742,10800000,4500000,23200000,8000000,True
3,True,False,3500000,13300000,4,798,7400000,5300000,12100000,3600000,True
5,False,True,7700000,18900000,16,552,15600000,6100000,23900000,6600000,True
2,False,True,4500000,12500000,12,418,400000,4300000,12400000,4300000,False
0,True,False,9100000,22200000,6,419,7400000,600000,18200000,9800000,False
1,False,True,9000000,29900000,2,668,22100000,7200000,24400000,4700000,True
2,False,False,8900000,29200000,8,608,10800000,5200000,33500000,11700000,True
5,False,False,6500000,13800000,10,342,15300000,2300000,14400000,7300000,False
4,False,True,8100000,18000000,8,817,1400000,7800000,16900000,10800000,True
1,False,False,8400000,29900000,16,476,16100000,2400000,32700000,7500000,False
0,False,False,5300000,20000000,6,881,15900000,3700000,19500000,4000000,True
2,True,False,4100000,15600000,12,838,5500000,4800000,15100000,2700000,True
3,False,False,6900000,27400000,4,406,10200000,6500000,23900000,5300000,True
1,True,True,5200000,19500000,12,778,5200000,4300000,19900000,5800000,True
5,False,True,2000000,7400000,14,799,3600000,3700000,4300000,1100000,True
3,True,False,4600000,17800000,20,716,12600000,2600000,10800000,4500000,True
0,True,True,7100000,20100000,16,756,8000000,5000000,17600000,5400000,True
0,False,False,9300000,20100000,10,743,4800000,1800000,21900000,13600000,True
3,False,False,5400000,19400000,20,731,13800000,3200000,20000000,4300000,True
3,False,False,4100000,8500000,2,833,12000000,0,16200000,3400000,True
4,False,False,4900000,11400000,8,470,12000000,7500000,14700000,4800000,False
5,True,True,5400000,21200000,20,734,7300000,1800000,11500000,7500000,True
0,True,False,3000000,9600000,12,620,7900000,0,8600000,3600000,True
0,False,True,6800000,14400000,8,812,15200000,4500000,21100000,6400000,True
4,True,True,5100000,14000000,12,459,9800000,0,10400000,6800000,False
0,True,True,9800000,32600000,10,704,7000000,12100000,30000000,4900000,True
1,True,True,1600000,4100000,6,391,4300000,1400000,5700000,700000,False
4,True,False,8000000,29100000,4,421,3100000,12000000,27000000,8800000,True
5,True,False,2900000,6700000,14,796,3800000,3700000,9700000,4200000,True
4,True,False,9200000,30300000,10,607,24000000,16600000,29600000,8900000,True
3,False,False,9500000,20400000,14,376,2300000,6600000,25900000,8400000,False
0,True,True,3700000,8500000,8,424,1900000,5600000,14800000,4100000,False
5,True,True,7100000,20800000,6,442,2900000,7100000,28200000,7100000,False
5,False,False,5600000,17600000,14,448,6700000,3500000,18900000,6800000,False
0,True,True,1200000,2700000,2,638,1500000,500000,2700000,1500000,True
3,False,False,1600000,5600000,6,710,3100000,800000,6000000,1600000,True
4,False,True,1600000,4800000,20,641,4200000,1000000,4100000,1400000,True
2,False,False,5300000,20200000,10,348,9200000,9500000,17300000,6100000,False
5,False,False,9100000,19900000,20,519,9300000,16400000,28900000,10500000,False
4,False,True,9400000,35000000,10,517,10700000,15100000,27500000,6700000,False
3,False,False,5900000,22400000,6,375,6500000,10500000,18100000,4800000,False
2,True,True,1100000,3400000,10,426,300000,800000,3900000,1400000,False
4,True,True,3100000,11500000,14,785,3200000,3100000,9100000,4200000,True
4,False,False,2200000,8600000,20,373,4100000,1300000,5900000,1400000,False
1,True,False,6000000,20100000,6,476,13900000,10000000,15200000,5500000,False
1,True,True,2000000,5600000,18,320,2400000,2300000,4600000,2100000,False
4,True,False,7200000,22900000,18,657,14600000,400000,17400000,8800000,True
1,False,True,500000,1900000,12,868,200000,500000,1800000,300000,True
1,False,True,5800000,13900000,6,345,4000000,9300000,20900000,5500000,False
0,False,False,200000,300000,6,472,400000,100000,700000,0,False
4,False,True,4600000,9500000,20,613,5200000,5900000,13700000,3000000,True
5,False,True,4600000,12800000,14,769,13100000,8600000,12100000,3500000,True
1,True,False,6500000,23100000,20,741,11400000,8500000,25700000,7900000,True
4,False,True,4400000,16600000,14,889,800000,1400000,14900000,5900000,True
0,False,True,900000,3600000,10,683,1400000,700000,3500000,400000,True
0,False,True,3200000,7400000,18,780,4200000,2600000,9000000,2800000,True
3,True,False,600000,1100000,8,538,500000,800000,1400000,300000,False
1,False,False,5200000,12600000,10,721,1100000,8700000,13900000,3600000,True
3,False,True,6400000,15200000,14,467,15500000,9100000,18400000,3200000,False
2,False,False,1000000,2500000,6,551,1700000,200000,3700000,900000,True
2,False,False,6800000,14800000,14,803,11300000,3300000,19600000,6600000,True
0,True,False,3000000,8400000,10,361,7700000,200000,7300000,1800000,False
1,False,True,8700000,30700000,6,708,20600000,4500000,27600000,9300000,True
4,True,True,8800000,20900000,18,766,13500000,15400000,34500000,13100000,True
1,False,True,3900000,11500000,2,464,9300000,5700000,12400000,5100000,False
5,True,False,1700000,4300000,2,517,100000,200000,6200000,1600000,False
3,False,True,900000,2300000,6,747,1200000,200000,2900000,600000,True
1,False,False,7200000,24700000,6,596,8800000,1400000,21700000,5800000,True
0,True,False,9200000,25400000,2,783,25400000,2000000,19600000,12400000,True
3,False,False,5700000,19400000,2,335,7400000,10600000,20600000,7100000,True
5,False,True,1100000,2700000,4,889,1900000,1000000,2200000,500000,True
2,False,True,1100000,2200000,4,874,1900000,1300000,2100000,900000,True
0,True,True,6000000,23900000,4,394,6700000,5800000,21900000,4500000,True
2,True,True,8100000,28500000,20,420,1500000,1400000,31800000,10000000,False
2,False,True,6500000,25100000,20,848,11500000,8600000,17400000,4400000,True
0,True,True,7600000,17900000,16,788,1700000,7800000,27100000,5900000,True
1,True,False,2200000,4900000,8,509,3800000,0,5400000,2900000,False
4,True,True,6300000,23900000,6,899,-100000,11400000,20600000,6700000,True
4,False,True,6700000,15800000,12,466,7500000,4600000,19900000,6600000,False
5,True,True,1300000,4300000,2,595,1300000,500000,2900000,1500000,True
1,False,False,2800000,6700000,12,322,1900000,2000000,8600000,2100000,False
3,True,False,7000000,18900000,2,691,6300000,7400000,15200000,3900000,True
3,False,True,8800000,26700000,10,379,10100000,15500000,27000000,9700000,False
0,True,False,8900000,25800000,18,531,12400000,3400000,22900000,5400000,False
5,False,False,7000000,21800000,4,631,8100000,7100000,14600000,10000000,True
0,True,True,6900000,18600000,10,330,19600000,9400000,16400000,4500000,False
5,True,False,9200000,29200000,16,383,17700000,13300000,30400000,5700000,False
0,True,True,6100000,19700000,16,678,13700000,2300000,19300000,5500000,True
1,True,True,4400000,14700000,8,894,11400000,6300000,9400000,2400000,True
4,False,False,9900000,22700000,12,567,28300000,9900000,29700000,5400000,True
5,False,False,3900000,14000000,4,708,700000,1800000,15600000,5200000,True
3,True,False,6800000,21200000,2,433,10700000,1900000,23200000,6300000,True
4,False,False,3600000,8700000,14,302,6400000,3700000,7800000,4100000,False
4,True,False,700000,2600000,14,736,2100000,600000,1900000,400000,True
2,False,True,4000000,8500000,6,323,11200000,1000000,14300000,4100000,False
4,True,False,1800000,4100000,12,670,1900000,2900000,4700000,2200000,True
3,False,False,5600000,21000000,12,609,8800000,11000000,15800000,4900000,True
4,False,False,6800000,24200000,18,349,18800000,0,15800000,9400000,False
5,False,True,600000,1500000,2,319,100000,1100000,2100000,600000,False
1,False,False,4200000,16200000,14,391,5800000,2100000,14100000,2600000,False
4,False,False,5000000,18700000,10,755,3600000,600000,13000000,2600000,True
1,False,False,4100000,12200000,6,354,7300000,5600000,16300000,3500000,False
3,False,True,2200000,8800000,2,877,5000000,1300000,6400000,3100000,True
1,False,False,3400000,8600000,16,312,6400000,6100000,8400000,3000000,False
0,True,False,7100000,15900000,14,746,9500000,3900000,23500000,8000000,True
3,True,False,5800000,19600000,16,313,11100000,8100000,22700000,6300000,False
2,True,False,3400000,12900000,14,857,3400000,2500000,8700000,1900000,True
2,False,False,7700000,18300000,20,504,14600000,500000,18300000,4600000,False
0,True,False,500000,1200000,14,556,900000,0,1800000,500000,True
2,True,True,5300000,11000000,14,393,6800000,2400000,20500000,5200000,False
0,True,False,4700000,14400000,14,881,11000000,6100000,17600000,2400000,True
2,True,True,4300000,12200000,14,719,5100000,2600000,14000000,5700000,True
2,True,True,900000,2500000,16,458,-100000,100000,3200000,1100000,False
4,True,False,2000000,7500000,14,857,4300000,1500000,4200000,2100000,True
2,True,True,2000000,7600000,16,429,5300000,3100000,5800000,2200000,False
3,False,False,4100000,15900000,12,538,3900000,800000,8800000,5700000,False
1,False,False,6900000,14400000,10,828,4600000,13000000,26700000,9000000,True
5,True,True,2300000,6100000,6,339,5100000,2500000,8300000,2400000,False
5,True,True,5800000,16600000,18,376,2500000,7500000,21100000,2800000,False
5,False,False,8000000,30000000,14,549,14800000,200000,17300000,7000000,False
3,False,True,3700000,12700000,18,587,11000000,3100000,8800000,4100000,True
0,False,False,2600000,8400000,18,861,0,3500000,6200000,3800000,True
0,False,False,3000000,7000000,12,409,6400000,4900000,8000000,3500000,False
4,True,False,2700000,10200000,4,528,7800000,2200000,10000000,1600000,True
4,False,False,5700000,19600000,8,691,8800000,2200000,12100000,3000000,True
2,True,False,1500000,3600000,4,584,3900000,1300000,4800000,1700000,True
5,False,False,6800000,20000000,4,459,14500000,3000000,25000000,4900000,False
1,True,True,8100000,31700000,10,755,0,12700000,30100000,4700000,True
3,False,True,9200000,27700000,20,688,4800000,16300000,25800000,11200000,True
1,False,True,7600000,26000000,6,384,2600000,1200000,20000000,7900000,False
4,True,False,600000,1600000,20,869,1400000,1000000,1700000,200000,True
1,False,True,4700000,18700000,20,445,2100000,0,11100000,4000000,False
0,True,False,1400000,5500000,6,393,500000,1500000,5400000,1800000,False
3,True,True,9400000,24600000,10,414,8800000,13400000,23800000,5600000,False
2,True,False,9700000,19900000,16,395,2800000,13700000,37000000,10800000,False
3,False,True,8900000,21000000,14,815,200000,10800000,21600000,6400000,True
5,True,False,4600000,10500000,8,758,3900000,4300000,15800000,2900000,True
5,False,True,5600000,14500000,10,457,6900000,7800000,20600000,4600000,False
0,True,True,1000000,3200000,10,854,2600000,800000,2900000,1200000,True
3,True,False,3500000,10300000,16,324,2400000,900000,12600000,2400000,False
0,False,False,7900000,31500000,14,849,19400000,10300000,26600000,10600000,True
3,True,True,6100000,24200000,12,672,300000,11100000,23500000,5000000,True
3,False,True,8900000,20900000,6,859,9600000,16500000,29300000,11100000,True
4,True,False,5300000,15400000,8,584,5100000,1700000,14000000,5000000,True
5,False,False,1300000,4800000,4,346,3200000,1600000,3400000,1600000,True
3,True,False,4000000,12800000,18,635,6000000,7000000,12900000,4200000,True
2,False,False,8700000,22700000,4,365,8200000,14800000,30200000,7200000,False
1,False,False,9500000,20000000,16,856,24900000,0,35700000,6200000,True
5,True,True,9000000,20000000,2,440,17100000,1000000,28500000,7600000,False
0,True,True,7300000,23300000,2,616,15700000,5900000,25800000,4100000,True
3,True,True,7400000,25700000,2,461,5700000,2900000,15100000,5100000,True
5,False,False,3100000,10800000,10,681,5100000,1700000,7400000,1500000,True
2,True,False,4300000,9400000,2,485,11000000,8100000,11000000,2200000,False
1,True,True,2400000,8300000,6,684,5500000,3500000,5300000,2300000,True
1,True,False,5400000,17900000,14,727,13100000,0,12300000,4700000,True
2,False,False,1600000,5100000,6,784,1400000,2400000,4500000,1400000,True
3,False,True,9900000,20400000,4,865,26300000,3600000,36500000,12800000,True
3,False,False,5800000,20100000,18,791,1400000,10800000,16300000,5600000,True
4,False,False,2200000,8500000,16,866,4000000,1900000,6800000,2800000,True
0,True,False,5000000,14400000,2,761,-100000,7300000,12600000,4500000,True
2,False,True,600000,2100000,18,572,400000,500000,1400000,300000,True
4,True,False,2200000,8600000,6,601,2700000,2900000,6700000,3300000,True
1,True,True,2600000,5500000,14,820,2700000,2400000,9300000,2000000,True
4,False,False,1200000,4300000,8,598,1600000,1800000,3200000,1300000,True
2,True,False,3100000,8700000,18,544,5300000,1100000,12200000,1500000,False
5,False,True,4600000,14500000,14,561,2300000,6200000,10200000,5800000,True
4,True,True,9300000,35500000,6,547,2800000,17800000,27000000,13900000,False
4,True,False,6300000,13400000,2,504,10500000,10900000,14500000,9400000,False
2,False,False,5900000,20800000,14,530,7100000,5800000,13100000,8800000,False
2,True,True,2900000,10600000,6,614,1000000,300000,7600000,3600000,True
4,False,False,6100000,22400000,18,351,11800000,5000000,24400000,4800000,False
4,True,True,5900000,19700000,10,431,3300000,9200000,22700000,5300000,False
1,False,True,4600000,18400000,10,403,200000,8800000,17300000,2900000,False
2,False,False,7000000,20200000,8,668,16600000,5000000,26100000,9100000,True
3,False,True,5100000,10400000,18,399,8000000,4300000,20100000,4600000,False
1,True,False,3100000,10600000,14,665,6200000,800000,9500000,3900000,True
2,True,False,4100000,12800000,16,344,10300000,7000000,15800000,4100000,False
0,True,False,1800000,5400000,16,555,3900000,2900000,5100000,1700000,True
4,False,True,8200000,26900000,20,301,23800000,13600000,31000000,9900000,False
2,False,True,800000,2100000,6,726,2000000,0,2600000,600000,True
2,True,False,8400000,23100000,6,689,5700000,2500000,18900000,11900000,True
0,False,False,8500000,33900000,4,665,8500000,12800000,17900000,4500000,True
3,False,True,3300000,12700000,16,608,3600000,6200000,12600000,4500000,True
3,False,False,5800000,12800000,20,335,4400000,3000000,15300000,8000000,False
3,False,False,4400000,10500000,18,677,100000,2000000,12100000,5000000,True
1,False,False,2600000,8500000,2,491,1700000,1800000,5300000,2600000,True
2,False,True,9600000,28100000,20,763,23000000,11800000,27500000,10300000,True
5,False,True,5200000,18100000,8,809,2400000,6900000,14000000,5500000,True
5,False,True,9700000,36400000,16,544,3500000,15000000,31300000,5200000,False
1,True,True,200000,800000,14,624,600000,0,600000,0,True
3,True,False,6500000,16800000,10,388,9500000,800000,14900000,7200000,False
4,True,True,7200000,23100000,14,644,13300000,3500000,18300000,4200000,True
0,False,False,5200000,18400000,14,600,7300000,9700000,16500000,3600000,True
2,False,False,6500000,14100000,2,709,1000000,12700000,20900000,4000000,True
5,True,True,2300000,5600000,8,642,2600000,1900000,8600000,2500000,True
0,False,True,3300000,10400000,4,423,7400000,4700000,11600000,3200000,True
0,False,True,2000000,5900000,12,900,3800000,2400000,7100000,3000000,True
2,True,True,8300000,19500000,4,415,2300000,9400000,21700000,8600000,False
4,True,True,3800000,14300000,4,645,1300000,1100000,10900000,4600000,True
0,False,False,5700000,15600000,16,742,700000,5800000,11400000,6800000,True
4,False,False,7300000,19800000,8,724,5500000,6000000,29000000,10300000,True
1,True,False,1600000,5400000,12,707,600000,1700000,6200000,800000,True
5,False,True,800000,2500000,4,780,500000,900000,1700000,400000,True
4,False,False,6300000,21900000,10,538,9600000,5400000,19300000,7800000,False
2,True,False,8800000,17700000,14,706,22900000,4300000,30300000,9200000,True
0,True,False,7300000,14500000,16,811,1000000,12400000,16100000,9600000,True
2,True,True,3800000,9100000,14,849,6300000,2400000,9500000,2500000,True
3,True,False,6200000,16700000,10,880,15800000,8200000,20100000,9100000,True
5,False,True,3500000,9500000,4,664,9500000,500000,7800000,5200000,True
5,True,True,1400000,5000000,2,465,0,2600000,5300000,1500000,True
3,False,True,3500000,12000000,2,786,600000,6400000,10700000,1700000,True
1,True,True,600000,2000000,10,326,400000,1000000,2400000,700000,False
0,False,False,4100000,10800000,16,399,5900000,7600000,12700000,5300000,False
2,False,True,5400000,11500000,6,841,6800000,100000,11100000,6600000,True
2,False,True,2000000,6700000,14,638,4900000,200000,4900000,2300000,True
4,True,True,3500000,8900000,4,478,4000000,3900000,11300000,3800000,False
0,True,True,8300000,30000000,4,600,14600000,12500000,24800000,12000000,True
0,True,True,6700000,15600000,16,768,300000,1800000,26000000,3800000,True
0,False,False,1900000,6500000,10,523,2400000,1100000,6200000,1100000,False
2,True,True,6500000,20900000,14,327,8200000,100000,22800000,4700000,False
1,True,True,600000,1800000,8,799,1000000,700000,2200000,800000,True
5,True,False,7000000,23000000,18,803,18700000,6300000,27800000,4100000,True
2,True,False,7700000,15400000,18,524,12900000,5100000,21000000,6600000,False
1,True,False,2600000,6600000,6,506,2300000,1900000,9600000,2100000,False
1,True,False,9200000,18800000,2,351,22400000,2200000,31500000,13000000,False
2,True,True,1800000,4200000,8,648,1200000,3100000,6200000,1600000,True
1,False,False,4900000,18500000,4,612,6100000,5900000,16400000,2900000,True
1,True,False,5700000,12400000,14,396,5400000,7500000,17600000,5600000,False
3,False,False,300000,800000,2,458,500000,0,1100000,200000,False
3,True,True,1700000,3400000,6,488,100000,500000,4500000,1600000,False
4,True,False,7000000,18900000,6,475,1300000,6100000,14700000,5200000,False
1,False,False,2200000,7000000,18,417,2000000,3900000,6500000,1900000,False
2,False,False,6800000,18700000,8,781,17600000,900000,23700000,5400000,True
1,False,True,2400000,6200000,12,337,3400000,2100000,9400000,2300000,False
0,False,True,600000,1800000,12,511,300000,200000,2200000,400000,False
4,True,False,6200000,17300000,6,837,12600000,3700000,24700000,4600000,True
1,False,False,7600000,24600000,12,810,1300000,10500000,30300000,5200000,True
2,False,False,4800000,10600000,8,588,3700000,5200000,15000000,4500000,True
5,True,False,4200000,9200000,12,870,3200000,2400000,12300000,5700000,True
0,False,True,7200000,20700000,10,733,15600000,12000000,19200000,9900000,True
5,False,True,6400000,20300000,16,348,10000000,10900000,20400000,6900000,False
0,False,True,8900000,23000000,12,741,5600000,11200000,27100000,7100000,True
3,False,False,5100000,14500000,12,306,700000,8800000,11600000,2900000,False
2,True,True,6300000,19500000,18,428,15900000,7200000,19900000,6500000,False
3,True,False,6600000,22100000,4,455,3800000,3000000,25100000,7400000,True
1,False,True,4800000,14700000,2,356,7100000,8800000,13400000,5500000,True
0,True,False,200000,400000,4,594,500000,0,400000,100000,True
0,False,True,7500000,25800000,18,844,9100000,600000,18600000,6500000,True
4,True,False,9000000,34700000,4,771,4800000,9500000,34100000,7700000,True
2,True,False,5400000,12500000,4,622,14400000,2900000,11800000,5400000,True
1,False,True,1700000,4500000,20,480,200000,600000,5400000,1900000,False
4,True,False,4300000,11500000,20,337,11100000,6000000,17000000,5200000,False
1,True,False,5200000,11200000,6,698,14100000,7600000,18800000,2700000,True
4,False,False,4400000,17000000,18,302,1000000,2100000,14000000,5700000,False
1,False,True,3900000,7800000,14,349,11200000,500000,11800000,3600000,False
0,True,False,1100000,3300000,10,482,2800000,300000,2900000,1600000,False
2,True,False,2500000,8200000,10,429,1500000,4100000,5900000,2200000,False
4,True,False,500000,1300000,8,471,500000,300000,1500000,700000,False
0,True,True,9000000,32400000,10,895,16800000,5800000,20700000,9500000,True
1,False,True,5100000,20300000,18,757,11800000,3400000,13400000,3200000,True
2,True,False,5200000,13500000,2,777,7000000,5200000,15500000,6100000,True
5,False,True,4400000,8900000,4,761,8100000,1000000,14200000,3000000,True
1,True,False,1900000,4200000,12,821,5200000,1500000,5000000,2700000,True
4,False,True,9200000,26500000,6,662,1000000,400000,26900000,5300000,True
2,False,True,4800000,16500000,10,350,2000000,6500000,11400000,2900000,False
4,False,False,4900000,10700000,20,321,1200000,400000,11100000,6500000,False
3,True,True,4800000,10100000,4,368,9100000,5100000,16500000,3500000,False
4,True,False,9300000,24900000,14,455,27600000,4700000,35100000,13900000,False
5,False,True,7500000,24600000,8,744,1600000,3600000,16700000,9300000,True
1,True,False,5900000,16800000,4,806,11200000,9700000,22800000,7100000,True
0,True,False,9400000,27900000,6,456,21400000,18500000,35600000,7800000,False
5,True,False,5300000,13400000,8,719,1600000,200000,11400000,5300000,True
4,True,False,3700000,9000000,18,668,7800000,1600000,13400000,3100000,True
0,True,True,2500000,5800000,18,494,5100000,4400000,8500000,2300000,False
4,False,False,2800000,10800000,2,841,700000,2600000,7100000,4100000,True
0,True,True,5400000,21400000,8,721,8200000,6400000,16700000,7400000,True
5,True,False,3100000,9400000,10,414,200000,5300000,8000000,2800000,False
5,False,False,4800000,15500000,10,812,9500000,1500000,17800000,3500000,True
1,False,False,8800000,17500000,20,832,1800000,3600000,24000000,7400000,True
2,True,False,4100000,14900000,12,571,-100000,5200000,13000000,3400000,True
5,False,False,9700000,37000000,14,459,28700000,17900000,22800000,5600000,False
2,True,True,6400000,24100000,6,592,2500000,6300000,20200000,6000000,True
5,True,False,3400000,13100000,20,527,900000,4500000,8600000,4000000,False
4,False,False,3500000,10200000,12,333,7600000,6400000,8100000,3400000,False
3,False,False,3200000,10000000,18,532,3300000,100000,9800000,2100000,False
2,True,True,4900000,13100000,18,754,8200000,3300000,16500000,7200000,True
0,True,True,1300000,4800000,4,835,500000,100000,3300000,800000,False
4,True,False,2500000,5400000,10,592,3400000,1500000,9900000,2900000,True
0,True,False,7500000,27300000,20,553,11600000,2800000,26200000,6100000,True
2,True,False,700000,2000000,8,806,1900000,1100000,2200000,400000,True
4,True,True,8200000,28500000,2,378,6800000,11200000,26400000,11500000,True
1,False,False,6900000,26200000,4,534,14500000,11900000,14900000,9400000,True
1,False,True,1500000,5900000,16,400,4200000,2400000,4800000,1500000,False
3,True,False,6300000,18300000,18,543,1800000,9400000,17700000,3500000,False
0,False,True,8800000,25600000,10,715,25300000,2500000,34900000,8600000,True
4,True,True,8900000,20700000,6,684,1100000,9200000,20400000,6700000,True
3,False,True,2100000,6100000,8,346,5500000,600000,4500000,2900000,False
1,True,True,9200000,29200000,6,669,9900000,12900000,23400000,11700000,True
2,False,False,3600000,8000000,12,566,10500000,3000000,8900000,2700000,True
0,False,True,8600000,23600000,2,361,25800000,5300000,24700000,7500000,False
5,True,False,3000000,8000000,6,333,3200000,400000,8200000,2200000,False
3,False,True,5200000,16300000,8,335,9500000,7000000,13600000,7300000,False
3,True,True,7200000,20400000,10,558,0,13200000,27200000,10600000,True
1,False,True,4000000,15600000,12,436,10400000,2800000,14800000,3200000,False
1,False,False,2400000,5200000,2,371,6100000,3100000,8500000,1400000,False
2,False,True,5500000,18400000,10,515,6800000,4400000,18500000,4100000,False
0,False,True,9000000,24300000,10,599,12900000,3400000,26900000,6400000,True
0,False,True,7900000,24000000,20,728,18600000,15600000,21800000,7400000,True
2,False,True,6200000,21600000,20,679,18600000,2500000,24500000,9100000,True
3,True,True,7900000,29200000,4,399,23200000,5500000,30200000,6900000,True
3,False,False,1200000,4500000,6,819,1400000,1100000,4400000,900000,True
1,True,False,4700000,11700000,6,308,11800000,1100000,15100000,3700000,False
5,True,True,5900000,15600000,2,730,12600000,4700000,15900000,5900000,True
4,False,True,1400000,5100000,14,312,4000000,1000000,3200000,1400000,False
3,False,True,4700000,12800000,16,740,2200000,8600000,11700000,6100000,True
5,True,True,7600000,20000000,10,522,21500000,1400000,20400000,4300000,False
4,True,False,7200000,16900000,4,702,15900000,7100000,22000000,9600000,True
4,False,True,1400000,4300000,16,447,3600000,1200000,5300000,1000000,False
5,True,False,1400000,2900000,4,829,800000,600000,5400000,1600000,True
2,True,False,7900000,18500000,18,727,20200000,12400000,19600000,7100000,True
5,False,True,7600000,18700000,14,509,8500000,8500000,22200000,3700000,False
3,True,True,9600000,34200000,2,745,2500000,2000000,33000000,6700000,True
1,False,False,2300000,6600000,18,513,4600000,900000,9000000,1600000,False
2,False,False,8100000,18500000,6,372,19100000,10200000,31000000,7900000,False
2,True,True,300000,700000,4,411,600000,0,1200000,100000,False
4,True,False,4700000,10800000,20,495,11300000,6800000,17000000,4500000,False
5,False,False,1100000,2500000,4,827,2400000,1000000,4100000,600000,True
4,False,False,8600000,25100000,6,820,14400000,5000000,26000000,8300000,True
5,True,True,8700000,28100000,10,660,25500000,800000,25900000,10100000,True
0,False,False,2200000,8600000,4,563,900000,1000000,4400000,2800000,True
1,False,True,500000,1400000,10,883,900000,0,1700000,300000,True
0,False,True,9100000,22000000,12,387,25300000,15600000,31700000,7000000,False
1,True,False,2200000,8700000,12,613,500000,1800000,5700000,2400000,True
0,False,True,2200000,8000000,14,335,2800000,3700000,6900000,2900000,False
1,True,True,9600000,34500000,2,795,9500000,900000,32000000,9300000,True
1,True,True,6500000,13900000,8,369,9600000,300000,17200000,8300000,False
4,True,True,2400000,7400000,18,888,2700000,1600000,7600000,3200000,True
4,False,False,5500000,12300000,6,742,12900000,2700000,19800000,4300000,True
0,True,False,5000000,14400000,4,874,3000000,9300000,14100000,3900000,True
1,True,False,2700000,8100000,16,691,2000000,3600000,8100000,2100000,True
3,False,True,8500000,30300000,12,762,12700000,3700000,20000000,4200000,True
1,True,False,4400000,10700000,18,324,2200000,3300000,12700000,5400000,False
4,False,False,500000,1800000,20,777,900000,300000,1300000,200000,True
0,True,False,8300000,21400000,2,662,6100000,12300000,24500000,10200000,True
2,False,True,6000000,13000000,12,462,2100000,2500000,14600000,5600000,False
3,False,True,4000000,10400000,14,609,2100000,6900000,11700000,4600000,True
5,True,True,4400000,11700000,20,590,900000,2700000,15500000,2300000,True
3,True,True,4400000,15800000,18,779,7200000,5400000,14900000,3600000,True
2,True,True,1900000,5000000,14,641,1000000,900000,5500000,2400000,True
0,True,True,5000000,18400000,12,752,14600000,4000000,10500000,6500000,True
0,True,False,8000000,23700000,10,305,22200000,11600000,17200000,12000000,False
4,False,False,8200000,20700000,10,546,10800000,7000000,25000000,10600000,False
2,True,False,7000000,24200000,8,833,13700000,4100000,26100000,9100000,True
2,False,False,2400000,8800000,18,421,3200000,1500000,6700000,1400000,False
5,True,False,6600000,18800000,4,639,3200000,1100000,25100000,4300000,True
3,True,False,3200000,6900000,20,735,1500000,3700000,9200000,3100000,True
0,False,True,2600000,5400000,2,377,100000,4900000,6100000,2700000,False
3,False,False,6900000,15600000,20,310,4500000,3600000,20400000,4800000,False
4,True,False,4800000,14000000,2,695,11300000,1700000,15400000,4600000,True
1,False,True,300000,1200000,4,355,700000,300000,800000,200000,True
1,False,True,4300000,14100000,12,525,2100000,1100000,14100000,5500000,False
5,False,False,700000,2400000,20,330,1300000,700000,2500000,500000,False
5,True,False,9400000,25800000,14,625,28200000,15400000,30800000,11100000,True
3,False,True,800000,2900000,10,644,600000,500000,2900000,400000,True
5,False,False,4400000,14900000,4,865,8200000,6200000,14900000,3500000,True
1,True,True,4700000,14800000,6,661,8500000,6000000,13600000,6400000,True
2,False,False,2300000,5000000,8,884,1400000,1700000,6100000,1500000,True
5,True,True,8500000,26700000,10,803,500000,16600000,24400000,9600000,True
2,True,False,7600000,28300000,12,800,19700000,14800000,15600000,7800000,True
2,True,False,3200000,12600000,18,796,6200000,3500000,9600000,2000000,True
4,False,False,2400000,5000000,4,716,1500000,2800000,6900000,1400000,True
0,True,True,500000,1100000,18,479,1500000,500000,1800000,600000,False
3,False,True,8500000,28300000,2,810,25200000,4300000,18500000,10700000,True
0,True,True,8900000,20900000,18,568,18800000,700000,32700000,5300000,True
0,True,False,2800000,5600000,8,842,0,1300000,6100000,1900000,True
3,False,True,2900000,7000000,4,806,5700000,5600000,5900000,3000000,True
1,True,True,4900000,17700000,8,722,9200000,7300000,16400000,3000000,True
5,False,False,9600000,20700000,14,442,25800000,9800000,31800000,8200000,False
3,True,True,3300000,9800000,6,360,4500000,600000,11000000,4400000,False
3,False,False,2800000,5900000,4,461,1600000,400000,8900000,2800000,False
2,True,False,7800000,22200000,10,735,9700000,4600000,23000000,6900000,True
4,True,True,2500000,8400000,12,761,6300000,1300000,8400000,1600000,True
0,True,False,4400000,10600000,20,653,6800000,4600000,16800000,5400000,True
0,False,False,7900000,30800000,4,726,5000000,14600000,23800000,5500000,True
1,True,False,8900000,22600000,18,617,8400000,15500000,27900000,11700000,True
0,True,False,5600000,13400000,2,460,3400000,4100000,14800000,4100000,False
1,False,False,1400000,3300000,8,306,3200000,800000,2700000,800000,False
5,True,True,500000,1400000,4,471,500000,100000,1300000,300000,False
1,True,True,5100000,15300000,4,628,6900000,3300000,17600000,2700000,True
3,True,False,9800000,25600000,10,404,24400000,6700000,37000000,11500000,False
2,True,True,8600000,21600000,16,804,15400000,300000,26800000,7100000,True
3,False,False,1600000,3900000,20,804,900000,2500000,3200000,800000,True
1,False,True,2500000,6700000,2,502,3400000,2600000,9400000,1400000,False
0,True,False,9500000,22600000,6,861,24700000,13200000,29000000,5600000,True
2,False,True,3000000,7800000,14,555,6600000,2700000,9600000,1700000,True
0,False,False,5100000,13600000,18,351,1700000,3700000,14400000,7600000,False
2,False,True,7600000,23600000,6,358,20200000,2900000,22100000,10900000,False
5,True,False,8800000,18800000,14,836,17300000,10100000,32700000,5400000,True
4,False,True,1100000,2900000,4,554,2800000,1000000,4100000,1600000,True
3,True,False,8700000,30500000,2,443,11800000,1800000,24600000,8100000,True
5,False,False,6100000,23600000,4,725,17400000,5100000,15600000,4800000,True
2,False,True,1900000,7000000,14,818,4800000,3500000,4500000,2100000,True
1,False,False,9900000,38700000,6,670,19400000,12600000,35800000,6500000,True
0,True,False,5800000,21100000,6,414,7900000,2400000,16000000,5600000,False
2,False,True,9500000,37000000,8,887,21800000,18300000,19200000,11700000,True
3,True,True,7900000,26600000,12,409,17100000,1400000,22500000,8700000,False
1,False,True,1300000,4500000,14,679,2700000,2100000,3700000,1600000,True
4,True,True,700000,2600000,18,478,600000,600000,2100000,300000,False
3,True,False,600000,1200000,2,752,1100000,500000,2300000,700000,True
0,True,False,9400000,33000000,4,616,15400000,5000000,25100000,7800000,True
2,False,True,3800000,12500000,14,842,3700000,6700000,14600000,5300000,True
3,True,True,7800000,26300000,20,840,1200000,11300000,24100000,5300000,True
3,True,True,7800000,27700000,6,430,2000000,8000000,26100000,5300000,False
4,False,False,2700000,7000000,4,351,1100000,2300000,8300000,2700000,False
5,False,False,600000,2300000,4,347,0,0,1900000,200000,False
3,False,True,8000000,28800000,10,576,18800000,7500000,16300000,11900000,True
0,False,True,4000000,11000000,8,799,4400000,6100000,14700000,4200000,True
1,False,True,3300000,10800000,2,550,6000000,3800000,11000000,4700000,True
2,True,False,5800000,13300000,4,878,8400000,5400000,18600000,4500000,True
3,True,True,2400000,4800000,12,895,6800000,300000,7300000,3300000,True
4,False,False,7600000,29700000,6,603,3200000,2900000,27800000,11000000,True
2,False,True,2500000,6900000,12,325,5800000,1600000,6400000,3600000,False
2,True,False,3300000,11800000,4,393,5700000,3700000,6800000,2600000,True
3,True,False,9800000,30300000,2,612,10700000,4600000,32100000,5600000,True
0,True,True,1000000,3800000,8,553,2500000,1000000,2100000,1300000,True
0,False,True,2500000,8800000,14,389,7300000,1400000,8500000,3600000,False
0,True,False,1900000,6800000,4,782,100000,3400000,4900000,2400000,True
3,True,False,3100000,8500000,12,493,8700000,5100000,12000000,2000000,False
5,True,True,6000000,11900000,2,629,2500000,0,19200000,4200000,True
5,False,False,6500000,21600000,10,419,1600000,10900000,22300000,6600000,False
2,False,True,5900000,15800000,2,444,14300000,4300000,20300000,5500000,False
5,False,True,6500000,15800000,16,301,9200000,9900000,17400000,7100000,False
0,True,True,3800000,11200000,20,479,1100000,6400000,12000000,5400000,False
3,False,True,3000000,11400000,10,424,1800000,4200000,10900000,1500000,False
0,True,False,4300000,16900000,18,469,200000,5800000,12000000,6200000,False
4,False,True,3500000,8300000,2,897,7900000,5500000,12600000,1800000,True
3,False,False,300000,500000,2,477,700000,200000,800000,400000,False
3,False,True,600000,1400000,16,509,600000,300000,2400000,900000,False
0,True,True,800000,1700000,4,752,2300000,1100000,3200000,400000,True
0,False,True,5600000,19100000,14,875,16700000,4700000,15100000,7700000,True
2,False,True,1800000,3600000,4,343,3400000,1100000,6200000,1500000,False
0,True,False,6800000,20800000,20,819,16500000,11900000,26700000,8000000,True
2,True,True,4200000,16800000,2,433,3300000,0,14100000,3700000,True
1,False,True,200000,400000,6,768,300000,100000,600000,0,True
2,True,True,8500000,31800000,6,714,17000000,900000,26600000,5600000,True
2,False,True,2800000,10100000,16,531,2900000,2900000,7200000,4100000,False
0,True,True,3600000,8600000,6,529,3500000,3300000,11300000,5200000,False
1,False,False,6200000,19500000,20,448,3300000,7100000,22400000,8000000,False
1,True,False,2700000,10000000,2,584,6500000,2700000,7700000,3400000,True
1,True,False,6800000,22900000,4,501,3900000,9400000,17300000,4400000,True
2,False,False,6300000,24500000,18,848,10200000,3500000,18200000,8200000,True
4,False,False,8800000,19100000,6,586,17600000,8800000,20600000,12400000,True
1,True,False,5900000,13000000,2,386,16300000,5000000,12000000,3800000,False
5,False,True,9800000,37900000,18,301,6700000,4900000,34300000,6200000,False
2,True,False,3300000,8300000,6,653,4700000,3100000,8300000,4600000,True
4,True,True,300000,500000,14,448,700000,100000,800000,100000,False
1,False,True,4800000,11600000,16,696,1400000,9400000,11800000,6500000,True
1,True,False,7500000,28300000,16,707,9700000,1100000,16300000,6700000,True
2,False,False,8600000,21700000,4,429,5500000,10800000,30900000,6000000,False
4,False,False,8900000,21100000,6,631,4200000,200000,25800000,6200000,True
5,False,True,9600000,29600000,4,446,22900000,3500000,36600000,13200000,True
0,True,True,7700000,18100000,18,705,6100000,5100000,23800000,6300000,True
3,False,True,7000000,15200000,2,709,10300000,12500000,20700000,4000000,True
4,False,True,7800000,19500000,14,739,1900000,9000000,20400000,4400000,True
3,True,False,5100000,11000000,6,336,-100000,5800000,11600000,7500000,False
4,True,False,9400000,32600000,4,898,18200000,4000000,22000000,10200000,True
4,False,True,600000,2100000,6,558,1300000,1000000,2200000,300000,True
3,True,False,5100000,13300000,4,589,11200000,2700000,20200000,6100000,True
2,True,True,3800000,14400000,2,301,2300000,1400000,7600000,2400000,False
2,False,True,5300000,21200000,14,516,2200000,5000000,20900000,7700000,False
5,False,False,1100000,3600000,12,315,1300000,700000,3100000,1400000,False
3,False,False,6400000,14400000,10,546,10600000,10000000,21200000,5100000,False
0,False,True,5100000,14500000,14,559,11000000,1100000,12300000,6000000,True
3,True,True,5300000,16900000,2,350,15800000,3100000,14300000,6800000,True
1,True,False,6700000,18700000,8,583,9300000,4100000,17100000,6900000,True
2,False,False,4000000,9400000,8,874,4400000,3700000,10200000,4800000,True
2,False,True,3900000,11600000,8,808,5800000,3100000,12900000,5000000,True
1,True,True,1600000,4900000,16,487,4300000,1100000,3900000,2000000,False
3,True,False,2700000,7800000,14,870,5400000,5300000,5700000,2100000,True
3,True,False,1400000,3800000,8,840,1700000,200000,5300000,1500000,True
4,False,True,8000000,19200000,18,682,2500000,8900000,19000000,5300000,True
3,True,True,8200000,28900000,10,668,23800000,4500000,28700000,10900000,True
5,True,True,4800000,10300000,8,781,4800000,6800000,11100000,4300000,True
4,True,False,8100000,19000000,6,375,4100000,14500000,19100000,11900000,False
4,False,False,5900000,14900000,14,857,2600000,9500000,16000000,3500000,True
5,True,True,8100000,32100000,6,823,18200000,1800000,24100000,6500000,True
0,True,False,1400000,5000000,8,686,1800000,1900000,3200000,1500000,True
1,True,False,1600000,6300000,2,721,3000000,600000,5200000,900000,True
4,True,False,4600000,9400000,18,545,800000,2400000,11500000,6300000,False
1,False,False,2900000,8900000,6,523,900000,5600000,9700000,1800000,False
2,True,True,8600000,24900000,20,607,13600000,7600000,31800000,5400000,True
4,False,False,3800000,14900000,20,428,6500000,3500000,12200000,2500000,False
0,False,False,8200000,20300000,4,666,13100000,10200000,25900000,7800000,True
3,True,False,3200000,10100000,20,704,3400000,4800000,9000000,3900000,True
0,False,True,8100000,23800000,10,794,5400000,15500000,20700000,8800000,True
1,True,True,9800000,23300000,12,430,3200000,12600000,30500000,13900000,False
0,False,False,200000,500000,20,615,500000,200000,600000,200000,True
0,False,False,6600000,14100000,20,360,6800000,5100000,25400000,7800000,False
0,False,False,9100000,18300000,14,458,6100000,9200000,34100000,10000000,False
2,False,False,5500000,20400000,12,887,8800000,9400000,12300000,3300000,True
4,False,False,7200000,27400000,8,735,14100000,14200000,19400000,9500000,True
1,False,False,2400000,5600000,16,379,3700000,600000,7200000,3400000,False
4,True,False,9600000,25500000,20,544,4000000,11400000,23800000,11100000,False
1,True,True,5800000,16700000,12,721,1100000,9700000,17200000,7500000,True
4,False,False,2300000,6000000,8,676,6000000,400000,4800000,2200000,True
1,False,False,300000,1200000,4,342,800000,100000,1100000,200000,True
0,False,False,9900000,27000000,16,566,3500000,17300000,36900000,11500000,True
2,False,False,3500000,14000000,2,355,8700000,1600000,11800000,2900000,True
2,True,False,4800000,18500000,20,605,5700000,5500000,14700000,5800000,True
2,False,False,1600000,5200000,16,525,300000,2900000,5600000,1600000,False
5,True,True,800000,2500000,12,403,500000,0,3200000,800000,False
1,True,True,9000000,33500000,18,727,18800000,10500000,28100000,5300000,True
1,True,False,8300000,28900000,12,529,18300000,3900000,32500000,5800000,False
4,True,False,2800000,6100000,18,415,2200000,4200000,8400000,2000000,False
1,True,True,6400000,17300000,10,879,10000000,1100000,15400000,8200000,True
2,False,True,6000000,12600000,16,649,4800000,5300000,23900000,5100000,True
0,True,False,2900000,9800000,16,395,5400000,4300000,8600000,2400000,False
0,True,False,6500000,24100000,20,488,3300000,6000000,22900000,9700000,False
1,True,True,200000,400000,8,569,200000,200000,700000,300000,True
1,False,False,8400000,24600000,14,817,1800000,13100000,31300000,8200000,True
1,True,True,6100000,17800000,20,706,16000000,10900000,16900000,4300000,True
2,True,True,8000000,31200000,8,553,6800000,3500000,21000000,10300000,True
5,False,True,900000,1800000,14,464,2300000,300000,1800000,700000,False
2,True,False,7300000,20000000,6,729,13100000,10700000,17900000,9100000,True
4,False,True,3700000,7400000,12,363,4800000,6800000,10500000,4400000,False
2,True,False,5200000,17200000,12,565,3500000,1300000,20000000,6300000,True
1,True,False,7200000,21000000,14,421,3500000,11600000,21800000,4600000,False
0,False,True,9400000,34200000,10,512,13100000,15600000,32600000,6300000,False
3,False,True,3400000,12400000,2,730,2500000,3900000,12200000,4600000,True
0,True,False,600000,2300000,8,627,1800000,500000,2200000,300000,True
0,False,True,3300000,10000000,16,434,3000000,4100000,12900000,4100000,False
2,True,True,5900000,14300000,2,410,11900000,4400000,16900000,4100000,False
3,False,False,1300000,3600000,16,624,2400000,2300000,3300000,1900000,True
4,True,True,5700000,16900000,4,656,13000000,7400000,22000000,8400000,True
2,False,False,7700000,27300000,16,758,7300000,4600000,24800000,9100000,True
4,False,True,7000000,23500000,18,336,15000000,9500000,19700000,7800000,False
5,True,False,8100000,21900000,18,378,5200000,3400000,16200000,9600000,False
1,True,True,1900000,4200000,4,620,4700000,2800000,7500000,900000,True
2,True,False,4500000,9100000,18,593,-100000,600000,12400000,2500000,True
0,False,True,9600000,34000000,12,710,23800000,10300000,38100000,7800000,True
1,False,True,5400000,20700000,8,753,1900000,800000,19000000,3600000,True
1,False,True,7800000,27200000,16,454,16100000,3400000,17100000,11400000,False
1,True,True,8200000,19100000,8,619,17200000,12200000,31500000,6600000,True
2,True,False,8900000,28500000,6,367,22200000,16600000,21500000,9300000,False
1,True,False,1400000,3100000,20,384,200000,1200000,4200000,1800000,False
2,True,False,1700000,5900000,16,610,3100000,300000,3700000,1300000,True
0,True,False,5300000,19500000,12,802,9800000,3300000,15200000,3200000,True
3,True,False,6500000,25200000,10,858,15400000,10900000,14000000,8100000,True
2,True,False,5900000,14000000,8,599,4700000,9500000,17800000,6700000,True
4,True,True,9800000,27000000,2,395,18700000,3000000,23000000,9700000,False
3,True,True,7700000,16200000,6,380,11500000,15100000,22500000,6400000,False
1,True,False,7900000,27100000,10,803,20000000,9800000,22200000,6600000,True
4,True,False,3500000,8900000,20,809,7100000,1500000,13700000,3200000,True
4,False,False,2400000,6600000,2,722,6100000,3300000,5600000,3000000,True
5,True,False,9900000,35700000,10,392,7900000,4300000,39200000,13000000,False
0,True,False,3900000,14500000,8,545,5900000,3000000,10300000,3400000,False
2,False,True,7300000,28500000,10,799,21500000,3100000,15800000,4300000,True
0,True,True,6400000,21900000,12,727,15400000,10100000,24000000,5300000,True
4,True,False,7100000,19800000,18,530,7100000,3400000,20900000,7100000,False
2,False,False,8800000,19000000,14,637,13700000,13900000,27100000,6100000,True
5,True,False,7400000,21000000,4,561,21300000,3800000,26400000,3900000,True
2,False,False,4400000,12000000,20,421,9300000,2700000,15700000,3400000,False
3,True,True,8600000,30300000,14,459,12000000,4100000,23800000,9100000,False
3,False,False,6900000,26000000,14,828,14800000,4200000,18500000,3600000,True
4,True,False,9600000,27500000,20,679,23400000,7500000,37800000,6300000,True
2,True,True,8100000,25700000,8,455,22300000,11500000,19800000,9500000,False
0,False,False,2600000,9400000,18,879,2800000,1400000,5100000,2300000,True
3,True,True,9300000,26100000,14,636,4700000,16100000,34500000,11600000,True
2,False,True,2100000,5600000,16,426,400000,300000,7100000,1200000,False
4,False,True,9000000,21500000,14,508,16600000,17300000,24300000,13100000,False
3,False,True,7000000,19200000,4,768,8600000,13700000,19200000,7700000,True
3,False,False,2200000,6400000,20,667,6300000,3900000,8300000,2900000,True
5,True,True,7500000,28200000,2,440,8200000,5800000,24400000,6000000,True
1,True,True,8300000,16800000,2,366,22000000,6600000,27300000,4500000,False
2,False,False,300000,600000,2,383,600000,300000,1100000,400000,False
0,False,True,300000,800000,4,603,800000,200000,600000,200000,True
3,True,False,3900000,14900000,4,728,4700000,4000000,14900000,5500000,True
0,False,False,6600000,20300000,6,549,10800000,900000,23100000,9800000,False
0,True,False,4100000,10700000,8,855,11500000,700000,11200000,3100000,True
5,True,True,1800000,5300000,12,461,2800000,2000000,4700000,2000000,False
3,False,True,7000000,16100000,16,379,2000000,5200000,23000000,10000000,False
2,False,True,5100000,13700000,6,559,7800000,9800000,12700000,5100000,True
1,False,True,300000,600000,8,816,600000,300000,1100000,200000,True
4,False,True,4300000,11400000,2,560,10000000,3900000,8900000,3300000,True
0,True,True,3200000,12000000,14,645,5200000,1400000,12100000,3400000,True
4,False,True,4200000,11500000,6,551,10600000,7600000,11300000,5000000,True
0,False,True,9600000,22900000,8,515,4300000,14700000,33300000,7800000,False
4,True,False,1300000,3600000,10,657,3200000,1900000,2900000,1100000,True
3,False,False,2400000,9300000,2,682,3100000,4400000,5200000,1500000,True
0,True,False,600000,1600000,10,588,1600000,100000,1100000,300000,True
5,True,True,9600000,38000000,10,359,2100000,13600000,38200000,9400000,False
0,True,False,400000,1200000,4,766,900000,300000,1200000,300000,True
4,True,False,5900000,19900000,14,469,14200000,6800000,22100000,3200000,False
0,True,True,700000,1400000,10,618,1300000,200000,1700000,500000,True
0,False,True,8600000,17700000,20,711,22000000,0,30800000,7400000,True
0,True,True,9000000,34000000,4,549,2000000,8900000,20000000,12400000,True
3,True,True,5100000,20400000,6,754,1700000,2600000,11800000,7600000,True
4,False,True,500000,1500000,6,461,1300000,500000,1700000,200000,False
2,True,False,1600000,3800000,10,837,3800000,1100000,5500000,1600000,True
0,True,True,9800000,23900000,14,459,1000000,13400000,21100000,7200000,False
4,True,False,7800000,29700000,20,614,22000000,700000,26800000,6300000,True
4,False,False,6500000,24000000,16,373,5600000,5100000,15600000,6700000,False
5,True,True,7500000,26500000,12,512,16500000,2900000,23700000,6000000,False
4,True,True,8900000,23400000,18,781,16500000,3100000,24900000,5800000,True
4,True,True,1800000,5800000,14,305,600000,3300000,3600000,2000000,False
1,False,True,7600000,27800000,6,447,1300000,700000,20100000,10900000,False
4,True,True,1200000,4600000,6,757,1900000,200000,4800000,1500000,True
5,True,True,2700000,10400000,2,723,2800000,700000,10300000,1400000,True
1,False,True,4600000,10900000,12,463,1200000,1200000,10900000,6600000,False
2,False,False,6900000,18700000,10,699,12800000,5700000,21200000,5200000,True
4,True,True,8400000,25200000,2,308,8100000,9300000,27700000,10500000,True
0,True,False,300000,500000,18,702,300000,400000,1200000,100000,True
2,False,True,9500000,37500000,4,456,10200000,16800000,34100000,12900000,True
3,True,True,1900000,5900000,8,651,700000,2100000,6200000,1500000,True
3,False,False,4200000,14500000,20,840,4500000,5900000,8900000,4600000,True
4,True,True,2200000,7900000,18,848,5100000,1700000,8500000,1600000,True
5,True,True,7100000,19700000,4,727,7700000,12900000,23600000,5800000,True
4,True,False,3500000,11600000,10,335,6300000,5200000,10300000,2300000,False
5,False,False,400000,800000,18,304,900000,500000,1400000,400000,False
2,True,True,8800000,34400000,2,712,10500000,12500000,29300000,5900000,True
0,False,False,1800000,6600000,10,737,5000000,2000000,6000000,1500000,True
1,True,True,7600000,29300000,14,690,13900000,4000000,30000000,9100000,True
1,True,True,1000000,3200000,4,888,2000000,1500000,2200000,1300000,True
2,False,True,8200000,27200000,10,839,9200000,6400000,25500000,6000000,True
5,False,True,3600000,12400000,8,333,8800000,1000000,10700000,4000000,False
5,True,False,9400000,23700000,18,862,21500000,3500000,22400000,5600000,True
5,False,False,2600000,9100000,4,309,6400000,1400000,5900000,3400000,True
5,False,False,9500000,30700000,10,823,16300000,3700000,30300000,13100000,True
0,True,True,3500000,11700000,14,649,2700000,700000,11400000,4800000,True
5,False,True,9800000,35700000,10,726,9400000,18900000,31200000,12000000,True
4,True,False,800000,3100000,18,712,400000,700000,1900000,1100000,True
0,False,False,9700000,37300000,20,701,12100000,16200000,24100000,10500000,True
3,True,False,6200000,21300000,12,655,6500000,11600000,19200000,5000000,True
1,False,True,4400000,16600000,18,385,800000,5300000,13400000,5100000,False
2,True,False,1800000,3800000,4,777,5100000,2700000,4600000,1400000,True
3,True,False,1700000,5300000,14,696,300000,700000,4500000,800000,True
3,True,False,3900000,14100000,16,496,2500000,2200000,13700000,2900000,False
2,True,True,2200000,7900000,6,659,3400000,1800000,8600000,2400000,True
3,False,True,6300000,17700000,2,542,16800000,900000,16400000,5300000,False
2,False,False,2200000,8700000,18,729,3900000,3300000,7600000,1300000,True
1,True,False,8100000,28400000,6,744,20300000,10500000,21800000,7700000,True
4,False,False,6800000,17000000,2,749,18000000,3800000,27100000,9400000,True
0,True,False,4700000,14800000,20,755,12300000,5000000,15400000,3700000,True
3,True,True,2200000,5300000,2,506,1600000,1700000,5800000,2800000,False
3,True,True,3500000,13000000,6,391,6100000,3500000,13300000,4300000,False
1,False,True,3500000,11600000,10,898,3100000,2700000,9000000,4500000,True
5,False,False,500000,1500000,12,527,100000,600000,1100000,200000,False
5,False,False,9900000,35800000,20,470,9500000,18400000,39100000,14700000,False
1,True,False,8400000,25000000,12,694,5300000,14900000,23000000,7700000,True
1,True,False,5000000,18800000,14,325,13100000,5700000,12800000,4300000,False
4,False,True,5500000,13400000,10,880,300000,800000,19900000,2800000,True
5,True,True,3000000,11900000,14,459,6000000,4800000,11700000,4200000,False
3,False,True,9400000,21400000,10,323,5100000,15500000,29600000,11300000,False
4,True,False,7600000,29000000,8,739,22100000,8100000,22100000,8800000,True
0,False,True,5500000,16300000,10,724,11900000,1500000,11900000,6200000,True
1,True,False,3100000,7400000,18,487,8400000,1200000,9200000,4500000,False
3,True,False,7700000,27700000,4,439,13900000,7500000,27100000,6200000,True
2,True,False,9800000,25400000,2,655,19900000,4600000,21300000,7900000,True
3,False,False,3200000,9200000,14,443,3300000,1100000,7200000,4500000,False
2,True,False,700000,2600000,20,489,100000,200000,2400000,900000,False
4,False,True,3100000,8600000,14,427,3100000,3800000,9900000,3700000,False
0,True,True,4500000,10500000,20,417,9800000,2000000,9600000,5800000,False
5,False,True,8900000,24800000,18,842,16200000,5000000,20000000,8100000,True
3,False,False,5900000,23200000,2,307,15500000,10000000,21100000,6300000,True
2,False,False,1500000,4500000,18,428,4500000,1200000,5600000,1100000,False
4,False,True,6300000,15200000,16,415,15500000,1800000,20700000,7900000,False
3,False,True,6500000,18200000,20,405,10400000,2800000,21300000,6700000,False
4,True,False,8000000,31500000,18,683,10300000,7900000,30100000,9600000,True
1,True,True,3300000,10600000,14,742,300000,600000,8400000,4500000,True
4,False,False,3900000,10000000,10,530,10900000,200000,12300000,1900000,False
3,True,False,1600000,3500000,10,844,4500000,2200000,5200000,1600000,True
2,False,True,3900000,13900000,18,715,5000000,5600000,9900000,2100000,True
3,True,True,8000000,26300000,12,476,21700000,6600000,16400000,9000000,False
2,True,False,2200000,4800000,6,721,1800000,100000,6900000,2200000,True
4,False,False,7600000,30300000,12,339,20400000,8000000,22200000,5800000,False
5,False,True,2700000,6800000,6,461,4500000,2000000,8200000,1700000,False
2,True,True,6300000,23200000,12,556,7000000,8300000,24200000,5300000,True
3,False,False,7700000,18700000,8,483,15100000,5600000,24600000,10200000,False
2,True,False,4500000,17200000,18,406,4100000,6300000,13800000,3300000,False
2,True,True,9400000,24800000,14,513,24200000,18200000,37200000,7500000,False
0,False,False,4600000,12600000,16,574,3400000,6200000,15100000,3600000,True
0,True,True,5200000,15700000,6,692,3800000,7000000,12800000,5500000,True
5,True,True,8000000,29800000,18,867,17700000,14100000,22800000,9200000,True
1,False,True,9900000,38500000,2,875,19600000,2900000,20200000,6500000,True
4,True,True,8500000,18600000,10,597,16600000,3200000,21000000,11600000,True
2,True,True,4900000,12000000,20,513,14200000,8100000,18300000,4800000,False
3,True,True,7000000,24200000,2,354,18200000,7000000,15900000,7900000,True
2,False,False,9600000,25900000,18,647,11800000,9900000,35600000,11500000,True
1,True,False,9700000,23700000,6,875,11500000,14400000,38100000,10400000,True
1,True,False,6200000,14300000,20,819,7500000,11700000,16700000,4300000,True
4,False,True,4100000,9600000,10,521,11900000,7100000,14100000,4900000,False
0,True,True,6100000,19900000,20,761,4500000,3700000,12700000,7100000,True
0,True,False,700000,1900000,18,572,1400000,1000000,2000000,300000,True
3,True,False,6400000,24100000,12,571,19000000,11500000,13200000,7500000,True
4,True,True,3800000,7800000,20,891,4600000,7000000,14300000,3300000,True
1,False,False,4900000,14800000,12,895,8600000,8200000,18300000,5200000,True
2,True,False,2100000,6600000,20,580,3800000,4100000,6200000,2100000,True
2,True,False,6200000,23400000,8,605,10000000,10800000,21800000,9200000,True
4,False,False,1600000,5100000,8,705,2400000,800000,5100000,1900000,True
1,False,True,1300000,5000000,20,423,900000,800000,3900000,1600000,False
5,False,True,7300000,22500000,2,846,9800000,4700000,20300000,5700000,True
2,False,False,2100000,5000000,4,542,700000,600000,6600000,3100000,False
5,False,False,600000,2400000,18,631,600000,300000,2100000,900000,True
4,True,False,7000000,24500000,18,318,4300000,1700000,16300000,3600000,False
1,False,True,3000000,6800000,10,541,5800000,5700000,10700000,2900000,False
1,True,False,900000,2900000,20,782,0,1500000,3500000,800000,True
2,True,False,9600000,35000000,2,888,12600000,6500000,37900000,5800000,True
0,True,False,1500000,3600000,14,747,200000,1400000,3000000,1200000,True
0,True,True,5000000,18900000,6,641,4300000,8500000,19600000,6700000,True
3,True,True,500000,1700000,4,640,400000,700000,1300000,200000,True
4,False,False,7600000,28100000,12,324,12500000,8500000,19900000,11100000,False
4,True,False,5500000,21200000,20,359,4200000,5300000,18600000,6400000,False
0,False,True,6600000,23300000,12,338,2400000,800000,18900000,9300000,False
0,True,False,1400000,3200000,14,384,3100000,800000,3400000,2000000,False
5,False,True,8800000,26600000,16,545,19100000,16600000,30400000,7600000,False
5,False,False,6200000,24200000,18,610,10200000,7800000,19600000,8300000,True
2,True,True,8300000,27900000,18,840,12600000,3500000,19100000,9200000,True
3,False,False,2400000,8100000,6,630,5100000,2900000,9100000,2300000,True
1,True,False,9100000,31200000,4,508,12800000,11700000,31100000,7800000,True
0,False,True,9500000,34900000,4,535,800000,14100000,25600000,14000000,True
1,True,False,1200000,3400000,20,717,3100000,1500000,2500000,900000,True
2,True,True,7700000,19300000,8,735,1200000,1900000,23800000,10400000,True
5,True,True,7800000,22000000,20,528,5800000,8800000,24700000,4900000,False
0,True,True,9400000,20000000,4,350,3300000,1400000,37200000,4700000,False
0,False,False,1700000,5700000,12,422,3400000,1100000,6500000,900000,False
5,True,False,4000000,13700000,6,496,-100000,1400000,15800000,3700000,False
4,False,False,4200000,15500000,18,794,7300000,700000,13400000,2200000,True
2,True,False,2400000,7700000,6,719,6000000,1700000,6700000,1600000,True
3,False,True,2700000,6100000,14,630,3900000,2800000,10600000,2300000,True
3,False,True,600000,1800000,4,843,1400000,300000,1700000,400000,True
2,True,False,4600000,15600000,2,764,7700000,1500000,16000000,5800000,True
3,True,False,7200000,17700000,4,662,13100000,11500000,16300000,5300000,True
0,False,False,4700000,15500000,16,311,12800000,200000,17500000,2700000,False
4,False,False,4300000,10100000,2,606,9900000,1800000,8900000,5500000,True
5,True,False,4700000,10200000,16,874,10800000,7700000,11100000,7000000,True
4,False,True,8700000,30000000,4,370,17600000,15600000,34600000,12100000,True
1,True,False,7000000,20500000,10,414,19700000,7500000,20700000,5100000,False
2,False,False,600000,1100000,10,800,1200000,200000,2300000,900000,True
1,False,False,6800000,16900000,12,779,13800000,10200000,23400000,4400000,True
1,False,False,6400000,14100000,20,553,11700000,4500000,20000000,3600000,True
4,False,False,7600000,29900000,18,445,4800000,13900000,18400000,5700000,False
3,False,False,9000000,21400000,8,496,16400000,7300000,31800000,12500000,False
0,True,True,2400000,5900000,10,650,5100000,3700000,5300000,2300000,True
3,False,False,6800000,17900000,6,783,20000000,9800000,23600000,5500000,True
5,True,True,3500000,13500000,10,535,3100000,5700000,12500000,3100000,False
4,True,True,8900000,34000000,20,415,13500000,3100000,33600000,12800000,False
0,False,False,6000000,15300000,8,709,8900000,1700000,16400000,3500000,True
3,False,False,700000,2500000,14,819,1600000,1000000,2100000,900000,True
0,False,True,6800000,17300000,18,841,10500000,8600000,16000000,8700000,True
4,False,True,5300000,10700000,12,700,15800000,1900000,20500000,2900000,True
1,True,True,1400000,4200000,4,881,2800000,1200000,5100000,1300000,True
2,True,True,1400000,4600000,4,804,1900000,2200000,5200000,700000,True
4,False,False,9200000,21700000,6,653,22700000,4600000,29400000,8600000,True
1,True,True,7900000,29200000,2,663,19600000,12100000,28600000,10100000,True
0,False,False,4500000,17500000,10,495,10300000,3500000,9700000,6200000,False
1,False,False,3800000,9800000,8,335,100000,5100000,14200000,1800000,False
5,True,True,1500000,4900000,6,618,3400000,1000000,3200000,900000,True
3,False,False,1200000,2400000,12,480,3000000,100000,3100000,1700000,False
4,False,False,1700000,4900000,18,843,4800000,2200000,6200000,1800000,True
4,True,False,5200000,14100000,16,483,11800000,800000,19200000,2700000,False
1,False,False,1600000,5100000,12,548,2200000,2700000,3600000,800000,False
4,True,True,6600000,16000000,16,379,6500000,12600000,24700000,4500000,False
5,False,True,9400000,26600000,20,771,10200000,12600000,36900000,11700000,True
4,True,True,300000,500000,2,353,600000,100000,1200000,400000,False
5,False,False,4600000,11500000,16,668,6500000,3100000,10200000,5500000,True
3,False,True,6100000,21300000,2,387,7100000,3100000,16300000,4100000,True
0,False,True,1500000,4100000,12,789,3600000,1600000,5800000,1300000,True
0,True,True,400000,900000,2,855,-100000,500000,1300000,400000,True
0,False,False,8700000,33600000,14,751,7100000,13700000,22800000,7000000,True
3,False,False,7000000,21600000,12,739,1600000,7600000,24500000,8400000,True
4,True,False,4700000,13100000,14,492,1000000,4500000,14100000,6400000,False
4,False,True,7600000,23800000,16,896,3700000,4500000,15400000,6400000,True
1,False,True,9200000,24500000,4,545,25700000,0,20600000,13300000,False
5,False,False,9400000,36800000,20,891,13900000,16600000,19300000,8900000,True
0,True,False,4800000,15100000,6,848,1300000,300000,18800000,3500000,True
3,False,True,600000,2400000,12,884,600000,800000,1400000,600000,True
3,True,True,4900000,14300000,14,439,10300000,5600000,17400000,5100000,False
3,True,True,3300000,8500000,12,586,7500000,5100000,7800000,3900000,True
3,True,True,9100000,18800000,20,308,14500000,10200000,20500000,4800000,False
5,True,False,6100000,23500000,16,300,300000,700000,22800000,4800000,False
3,True,True,8400000,19600000,2,741,21500000,200000,18700000,8300000,True
4,True,False,7900000,31400000,8,698,16500000,11400000,28700000,5100000,True
2,False,True,6100000,22300000,10,733,12100000,9700000,17200000,5600000,True
3,False,True,2000000,4200000,16,571,1700000,3900000,5800000,1300000,True
3,True,True,9900000,29900000,20,490,10500000,9100000,27100000,7400000,False
2,False,False,9500000,25400000,16,451,19000000,2900000,33800000,11400000,False
4,True,True,1900000,6800000,6,559,3600000,2200000,6200000,1200000,True
4,True,True,6900000,21400000,10,577,12500000,2200000,14900000,6300000,True
2,False,True,1500000,5000000,4,613,4400000,1300000,5200000,2100000,True
4,False,False,1900000,3800000,20,785,1000000,600000,6100000,1500000,True
0,True,True,2300000,6000000,8,690,5500000,2900000,6000000,2000000,True
2,False,False,7800000,17100000,14,351,19000000,7200000,19300000,7100000,False
4,False,False,400000,1000000,10,447,0,300000,900000,300000,False
0,True,True,9400000,19200000,20,708,21200000,16300000,23400000,13200000,True
2,True,False,9100000,21700000,12,549,25500000,11000000,34700000,12200000,False
1,True,True,9000000,18800000,8,797,4100000,9400000,22900000,7500000,True
4,False,False,7100000,14300000,14,537,13700000,10400000,18200000,6100000,False
3,True,False,800000,2500000,12,828,1700000,0,1500000,700000,True
0,True,True,4500000,9600000,14,471,3200000,7700000,11000000,3600000,False
5,True,False,8500000,25400000,4,336,8500000,1200000,30600000,9000000,False
3,False,True,2500000,9800000,16,424,4700000,3200000,5800000,1300000,False
2,True,False,1500000,3300000,18,440,800000,2300000,3000000,1800000,False
0,False,False,6200000,17300000,8,583,3700000,3900000,13600000,3300000,True
1,False,True,1300000,2900000,6,480,2900000,300000,2900000,1400000,False
5,False,False,6600000,25800000,10,670,4600000,7200000,20600000,8500000,True
0,True,True,5300000,13700000,6,329,8800000,7600000,11200000,2800000,False
5,False,False,1400000,3000000,6,754,3500000,2700000,5300000,1400000,True
2,False,True,2900000,7800000,18,588,400000,100000,11600000,4200000,True
3,False,False,6500000,16500000,4,551,5300000,800000,18500000,7600000,True
3,True,False,8300000,18900000,4,316,20200000,9700000,21300000,8200000,False
2,False,True,8900000,32200000,12,382,0,11300000,20500000,5400000,False
3,True,False,5300000,15000000,6,717,7000000,4100000,17100000,5300000,True
0,True,False,2800000,7300000,6,676,3500000,2200000,5700000,3200000,True
1,False,False,8000000,27800000,6,667,6000000,12600000,22500000,9900000,True
3,False,False,3900000,10500000,20,821,1600000,6300000,11000000,3900000,True
0,True,False,6200000,20100000,20,345,9300000,5900000,17400000,4100000,False
3,False,True,5900000,19200000,10,442,9500000,500000,18300000,4700000,False
1,True,True,6000000,23300000,12,672,2000000,11300000,19600000,6400000,True
3,False,True,9100000,29300000,2,508,19000000,5100000,31600000,11900000,True
5,True,True,3400000,12300000,10,615,7000000,1600000,11400000,3500000,True
1,True,True,1800000,4400000,8,689,3200000,2500000,3800000,1600000,True
1,True,False,300000,1200000,18,747,100000,0,700000,200000,False
1,True,True,9000000,22800000,10,412,0,15600000,32000000,4700000,False
1,True,False,6400000,16900000,2,703,6300000,7300000,15900000,7400000,True
5,False,False,5800000,22200000,16,884,1200000,4800000,19500000,8500000,True
5,True,True,2600000,8600000,18,651,1000000,100000,7800000,2600000,True
4,False,False,6600000,17300000,14,793,16700000,1400000,17500000,3900000,True
2,False,False,6100000,21800000,4,407,9800000,100000,20200000,5800000,True
2,False,False,4100000,11100000,8,390,800000,3100000,10100000,3400000,False
3,False,True,300000,1000000,12,469,600000,400000,700000,300000,False
4,True,False,4700000,10400000,6,373,6800000,8600000,14300000,5400000,False
4,True,True,1500000,5800000,2,304,2400000,1600000,3300000,1400000,True
5,False,False,2700000,8300000,8,833,4600000,1300000,6800000,3300000,True
2,True,False,6900000,20900000,2,302,18700000,10700000,26900000,9200000,True
0,True,False,7600000,28700000,6,397,11000000,13200000,24600000,3800000,False
1,True,False,4100000,10000000,6,891,4900000,300000,12600000,3600000,True
3,False,False,4100000,12200000,2,457,700000,500000,14100000,4900000,False
4,False,False,1600000,3200000,16,657,200000,100000,5700000,1200000,True
2,False,True,400000,1400000,2,480,200000,700000,1600000,200000,True
5,True,True,4400000,17300000,20,840,3600000,5100000,12900000,2300000,True
2,False,True,3800000,8000000,12,866,6000000,600000,8400000,1900000,True
0,False,False,4300000,17000000,8,619,4100000,6600000,17100000,3900000,True
1,True,True,9000000,33500000,2,748,7900000,9800000,25700000,11500000,True
3,False,True,9500000,25500000,12,881,27000000,14100000,21600000,8900000,True
2,True,True,6900000,13900000,8,829,14300000,8100000,22400000,4600000,True
3,False,False,4300000,11100000,6,312,4800000,3800000,10100000,3300000,False
3,False,False,6600000,21400000,10,467,15200000,6000000,20300000,5200000,False
1,True,True,5200000,14300000,18,650,5400000,2300000,17600000,3600000,True
3,True,True,400000,1100000,6,711,100000,300000,1400000,100000,True
4,False,False,1300000,4100000,18,886,2800000,500000,3800000,600000,True
5,False,False,9700000,28400000,4,494,5300000,12000000,24400000,10000000,False
2,True,True,5400000,10900000,14,741,1300000,6000000,20400000,5600000,True
4,False,False,1200000,3300000,12,876,400000,100000,3800000,1000000,True
0,True,True,7000000,26400000,14,610,14300000,0,13900000,5300000,True
5,True,False,7600000,26000000,6,778,12900000,2400000,25500000,10900000,True
5,True,True,700000,1800000,14,571,200000,400000,1900000,400000,True
3,True,True,7500000,25100000,18,554,12500000,7900000,28500000,4700000,True
0,False,True,2300000,6200000,8,712,6800000,1700000,8800000,1500000,True
5,False,True,5600000,11500000,4,695,9500000,7100000,11700000,7800000,True
0,False,True,5400000,10900000,20,366,3700000,500000,21000000,4800000,False
1,False,True,1800000,5500000,10,426,5000000,1500000,5900000,1600000,False
0,False,False,2900000,6900000,10,320,5100000,500000,7700000,1500000,False
3,False,True,1400000,4600000,8,543,1500000,1200000,2700000,2000000,False
2,True,False,2800000,11000000,16,525,8200000,1800000,5800000,2400000,False
0,False,True,3300000,13100000,12,812,4800000,4900000,7500000,4300000,True
0,False,False,7000000,25300000,14,697,15100000,10400000,14300000,6700000,True
1,False,False,3900000,15100000,12,527,10600000,5100000,11100000,3800000,False
1,False,False,5700000,17200000,4,512,4300000,7000000,21400000,3000000,True
0,True,False,4100000,9200000,4,671,3400000,6300000,10400000,4900000,True
1,True,True,2200000,8700000,20,539,1000000,4000000,8200000,2600000,False
5,False,False,2200000,7200000,10,532,2700000,300000,7500000,1600000,False
3,False,True,2500000,7700000,16,485,2000000,3600000,5600000,3200000,False
0,False,True,900000,2100000,6,521,100000,1700000,2100000,700000,False
1,False,False,2900000,7400000,10,874,400000,1200000,10100000,3300000,True
2,False,False,9800000,22900000,10,788,1300000,10300000,27200000,14000000,True
2,False,False,5200000,14800000,12,659,11500000,5200000,18100000,4100000,True
1,True,True,8600000,19600000,16,498,14800000,3000000,21000000,5300000,False
2,True,True,4800000,13200000,20,310,11800000,4600000,12900000,4200000,False
0,True,False,2000000,4700000,6,785,2900000,1800000,6700000,1700000,True
0,True,False,3600000,8700000,10,309,6300000,1000000,8600000,3300000,False
3,False,True,5300000,19600000,2,433,14700000,9900000,10800000,3000000,True
1,False,True,400000,1300000,18,801,100000,0,1500000,600000,True
3,True,True,6500000,22400000,6,488,16800000,11700000,21700000,6800000,False
0,False,True,2300000,6000000,16,756,2900000,2100000,7500000,1200000,True
3,True,False,1000000,2800000,4,757,2500000,100000,3800000,900000,True
5,False,False,3200000,10100000,6,828,8500000,6000000,8700000,3000000,True
3,True,True,3400000,7200000,12,733,4800000,2700000,8100000,2200000,True
0,False,False,9600000,38200000,8,421,1600000,14100000,33600000,13800000,False
3,False,False,5300000,20300000,4,872,4300000,7300000,18400000,7600000,True
3,True,False,4700000,17400000,10,393,12400000,5300000,18700000,5300000,False
3,True,False,9700000,37800000,12,700,13400000,6100000,25800000,11900000,True
5,True,False,8800000,21600000,18,613,15400000,12100000,30000000,8400000,True
5,True,False,5900000,13400000,6,455,3200000,11200000,21600000,6900000,False
4,True,True,2400000,7100000,16,871,7000000,300000,8500000,3500000,True
4,True,True,7900000,21500000,16,497,2200000,5200000,23100000,7700000,False
0,True,False,1400000,2700000,2,649,2600000,1000000,5500000,1100000,True
0,True,True,3500000,10000000,14,709,5300000,1800000,9200000,5000000,True
4,True,False,3400000,13500000,12,705,10000000,1100000,8300000,4900000,True
2,True,False,6100000,23600000,2,476,4600000,2900000,22500000,3800000,True
2,False,True,3000000,7100000,4,819,5400000,4800000,6000000,2100000,True
5,False,True,3400000,9400000,16,535,3100000,5600000,12900000,3200000,False
0,True,True,400000,1200000,14,889,1100000,200000,700000,200000,True
0,True,False,5900000,11800000,12,468,9100000,10000000,17500000,6200000,False
5,True,True,400000,800000,2,759,100000,500000,1300000,300000,True
3,True,True,9000000,33600000,2,426,21600000,16200000,20700000,11900000,True
0,True,True,8800000,23600000,8,712,400000,11300000,19300000,11100000,True
4,True,True,2000000,4700000,2,615,500000,100000,6700000,3000000,True
2,True,False,4700000,14000000,12,784,13400000,2700000,14800000,6900000,True
4,False,False,2700000,6100000,16,677,100000,3300000,6500000,3800000,True
1,False,False,2600000,7900000,12,306,2000000,2400000,7600000,3300000,False
1,False,True,9000000,25400000,16,655,22000000,8800000,29100000,7200000,True
4,False,False,5100000,19400000,8,755,2200000,300000,14900000,5300000,True
2,True,False,6600000,25800000,18,598,3800000,3100000,16400000,5900000,True
2,True,False,4400000,9800000,18,712,5400000,200000,8800000,6400000,True
4,False,True,1500000,4600000,6,524,3700000,2000000,5000000,1400000,False
1,False,False,6200000,23100000,16,838,9100000,1400000,23500000,7000000,True
4,True,True,900000,2900000,6,560,1500000,900000,3100000,900000,True
3,False,False,7700000,26400000,12,759,3400000,2900000,21900000,10800000,True
2,True,True,600000,2400000,6,454,100000,600000,2300000,300000,False
4,False,False,4300000,16500000,4,539,10600000,6100000,9300000,2100000,True
2,False,True,8200000,27800000,16,827,11500000,8700000,26000000,10700000,True
0,False,False,3500000,11900000,12,686,4400000,4800000,10100000,2500000,True
1,True,True,9900000,34100000,14,371,24400000,7100000,29300000,6200000,False
5,True,False,700000,1900000,4,784,500000,1000000,2100000,600000,True
1,True,True,2100000,7300000,16,826,1600000,3500000,7700000,1400000,True
2,False,False,3200000,10500000,12,502,4300000,1500000,10000000,4500000,False
0,True,False,2900000,7800000,8,367,700000,3700000,7700000,3600000,False
0,False,False,7000000,18300000,6,541,6300000,6400000,20800000,8300000,False
1,True,False,3700000,13600000,16,608,400000,2200000,13400000,2800000,True
3,False,True,4500000,13100000,12,570,10500000,2000000,10100000,5800000,True
3,True,False,200000,800000,18,752,200000,200000,300000,200000,True
5,False,True,5600000,20500000,8,873,5500000,9500000,19400000,7800000,True
5,True,False,5400000,18600000,2,538,7700000,2700000,18800000,4000000,True
4,False,False,300000,1000000,10,819,700000,300000,900000,200000,True
1,True,True,7500000,29800000,18,770,1400000,5200000,28000000,8700000,True
5,False,True,2500000,9600000,6,345,1900000,1900000,6800000,2600000,False
4,True,True,3100000,8100000,12,730,6300000,4500000,9000000,4500000,True
1,True,True,7600000,19300000,20,835,5800000,2300000,22000000,8200000,True
3,False,True,500000,1700000,2,811,500000,500000,1400000,200000,True
2,False,False,2700000,5900000,14,662,3200000,1600000,7300000,3800000,True
2,False,True,3500000,13300000,4,420,6400000,1700000,8000000,2300000,True
5,False,False,3700000,11700000,4,413,8400000,5500000,12000000,2700000,True
2,False,True,5600000,20000000,10,367,13700000,5000000,19100000,6000000,False
5,False,True,4800000,16400000,14,390,8400000,2400000,9500000,4000000,False
4,False,True,5200000,12200000,2,602,10300000,800000,20500000,7700000,True
3,True,False,2900000,11500000,16,843,2300000,2600000,10700000,4300000,True
1,True,False,2700000,6800000,20,713,500000,3300000,6100000,1900000,True
3,True,False,5000000,16200000,8,591,1900000,3400000,14000000,5000000,True
2,False,True,2700000,9400000,14,701,400000,3400000,9900000,1900000,True
4,False,True,2800000,10000000,12,655,4900000,3600000,8500000,3300000,True
3,False,True,7300000,20000000,18,720,15500000,9900000,23000000,9800000,True
0,True,True,5900000,15100000,10,794,6000000,4300000,14900000,5400000,True
0,True,False,8100000,21300000,2,392,14200000,6600000,31500000,11000000,False
3,True,True,1900000,7100000,6,583,400000,2800000,6500000,2000000,True
5,True,False,1800000,6800000,18,457,2200000,1100000,3800000,1400000,False
0,False,True,7600000,17800000,14,570,15200000,12100000,21500000,9900000,True
1,True,False,9100000,30100000,14,890,17800000,12400000,32500000,7500000,True
2,False,True,5300000,12300000,14,472,10000000,1600000,20400000,3300000,False
2,False,False,3700000,10900000,12,788,1700000,700000,12200000,2600000,True
0,False,False,9500000,35300000,6,605,10000000,12700000,31100000,7000000,True
3,True,False,8300000,30500000,10,473,13300000,9400000,23300000,11800000,False
5,True,False,6400000,21500000,16,728,300000,5200000,17400000,9600000,True
5,True,True,5300000,17800000,16,505,9200000,8500000,14600000,4100000,False
0,True,True,5600000,19300000,6,407,3400000,3600000,14200000,8400000,False
1,True,True,900000,1700000,18,464,1300000,0,1900000,700000,False
0,True,True,2400000,7200000,20,514,4100000,2100000,6700000,1800000,False
1,True,False,9500000,23000000,10,627,28500000,11500000,21700000,9100000,True
2,False,True,7400000,14900000,20,627,15900000,10100000,19000000,10300000,True
4,False,True,1500000,3200000,10,858,1500000,0,4700000,1700000,True
3,True,True,8800000,30200000,8,607,13600000,12700000,21500000,5900000,True
5,False,True,4900000,14300000,4,663,8500000,6100000,19600000,5500000,True
1,False,True,8100000,26900000,6,522,23000000,2100000,18700000,4200000,False
2,False,True,2300000,9100000,20,610,3700000,600000,7800000,3400000,True
5,False,True,3000000,6600000,16,462,5500000,3500000,9100000,3600000,False
2,False,True,3900000,9300000,8,591,10900000,2700000,9600000,3300000,True
4,True,True,1700000,6500000,20,636,1700000,900000,6200000,2300000,True
0,False,True,2100000,4900000,10,359,1000000,800000,6100000,1000000,False
4,True,True,9700000,25000000,4,542,9800000,12000000,29300000,13400000,False
5,False,True,3500000,11800000,4,642,2300000,2900000,11900000,3600000,True
5,False,True,1500000,5500000,4,414,800000,1400000,2900000,1200000,True
3,False,True,8800000,26200000,20,865,19300000,9800000,27700000,12500000,True
3,True,False,900000,3100000,10,369,1400000,100000,1700000,500000,False
0,True,True,3500000,10800000,14,838,4700000,6800000,13900000,1700000,True
5,False,False,5500000,21200000,4,582,12100000,8300000,17100000,3100000,True
5,False,True,9800000,23200000,10,416,11000000,17300000,21600000,8500000,False
5,True,False,2100000,5500000,20,705,5400000,1400000,4600000,1200000,True
0,True,False,1800000,5700000,18,306,500000,700000,5600000,1700000,False
5,True,True,5800000,13000000,8,851,6700000,8700000,17700000,4100000,True
5,True,False,6700000,17200000,18,613,9700000,6800000,24600000,7100000,True
3,True,False,4300000,16300000,10,366,6900000,6700000,12300000,5500000,False
1,True,False,1200000,2800000,12,431,900000,400000,2900000,900000,False
5,False,True,9700000,25900000,2,754,9000000,10000000,28500000,6700000,True
5,True,True,5400000,11200000,10,447,300000,7900000,21400000,6000000,False
1,False,True,5300000,14100000,14,510,13300000,10400000,18900000,7800000,False
1,True,False,7300000,24200000,20,324,12900000,3700000,18400000,9000000,False
5,True,False,9500000,19200000,2,523,13500000,1500000,21000000,6700000,False
0,False,True,7200000,15600000,2,362,2700000,2400000,20800000,5900000,False
3,True,True,9000000,32900000,6,657,9900000,600000,29200000,12000000,True
5,False,False,6500000,23300000,12,790,600000,9700000,15500000,9500000,True
1,True,True,9500000,30500000,18,500,1300000,3300000,20500000,5500000,False
2,False,True,9900000,33200000,4,465,26300000,17000000,24400000,5000000,True
4,False,False,2900000,8700000,6,409,3700000,5500000,8200000,2200000,False
4,True,True,700000,1800000,20,626,500000,600000,1400000,300000,True
5,False,False,4200000,13400000,16,545,9800000,8200000,12500000,3500000,False
3,False,False,4200000,11400000,10,654,8800000,400000,16200000,5700000,True
0,False,False,7600000,26500000,6,515,6200000,14900000,22000000,4000000,False
2,True,True,7100000,18800000,12,838,1100000,5200000,16600000,4900000,True
1,False,True,4700000,16000000,14,406,4000000,5300000,14300000,3300000,False
0,True,True,9800000,23200000,10,573,23900000,3300000,23600000,14600000,True
0,True,True,9800000,38700000,2,611,6600000,10400000,33000000,6000000,True
0,False,False,5100000,13400000,16,649,6800000,1600000,15700000,3900000,True
0,False,True,3300000,7700000,12,775,8200000,2100000,7400000,4200000,True
3,True,False,4500000,12500000,12,469,4100000,7600000,14200000,3400000,False
0,True,True,3900000,12800000,18,587,4500000,5300000,12600000,5000000,True
3,True,True,3200000,9900000,10,316,9100000,5500000,8800000,3600000,False
2,True,False,3200000,10400000,10,556,8200000,5600000,11500000,4500000,True
2,False,False,9600000,31200000,12,578,9900000,2200000,26500000,13500000,True
2,False,True,8700000,18900000,2,554,3900000,1900000,18000000,11500000,True
2,False,True,1900000,6800000,6,892,2600000,2200000,6400000,900000,True
2,False,True,2900000,10200000,10,315,8100000,400000,6500000,1600000,False
0,False,False,6200000,12900000,10,695,1900000,3700000,22200000,4200000,True
0,False,False,5900000,20300000,4,806,300000,3700000,16400000,4800000,True
4,False,True,3200000,12800000,8,638,4300000,2600000,8000000,3800000,True
1,False,True,1300000,5000000,4,610,3400000,800000,4500000,900000,True
2,False,True,1300000,3200000,4,810,3800000,2100000,4300000,800000,True
1,True,False,8700000,33200000,4,866,19600000,15900000,23700000,10500000,True
3,False,False,6300000,23800000,10,760,12700000,1300000,18400000,8800000,True
3,True,False,4300000,11200000,6,556,11000000,4300000,14500000,5100000,True
3,False,True,6400000,23500000,12,684,17200000,10300000,25300000,7400000,True
5,False,True,7700000,25800000,18,578,5000000,7700000,27200000,10600000,True
2,False,False,6900000,23900000,12,814,13000000,1900000,26600000,6000000,True
0,False,False,4200000,14800000,20,510,9200000,5700000,11900000,2600000,False
4,False,False,3900000,9000000,2,674,8700000,5700000,14000000,3100000,True
0,True,True,2000000,4900000,14,570,3800000,300000,6600000,1300000,True
1,False,False,500000,1700000,2,680,700000,800000,1400000,700000,True
0,True,False,3500000,8800000,12,803,5400000,300000,8400000,3400000,True
2,False,True,3100000,10700000,16,357,9200000,1900000,7700000,3800000,False
3,False,True,4900000,19000000,4,575,14100000,9100000,16500000,4600000,True
1,False,False,1000000,3600000,4,546,2500000,0,2600000,500000,True
2,True,False,6700000,21400000,8,370,3200000,11800000,20100000,8600000,False
1,True,False,4100000,9400000,6,713,0,1000000,11100000,3100000,True
4,False,True,1600000,3800000,2,896,1200000,400000,4800000,2000000,True
3,True,True,2400000,9200000,14,626,300000,3600000,8500000,2000000,True
0,True,False,2200000,6400000,4,854,900000,1600000,6500000,1300000,True
4,True,False,3200000,8400000,18,802,400000,0,9100000,4700000,True
4,False,True,1600000,4400000,20,382,1700000,300000,5200000,1900000,False
2,False,False,3900000,14900000,6,415,2200000,4300000,9500000,4600000,False
5,True,True,2000000,6300000,4,366,5300000,2200000,5400000,2800000,True
1,True,True,7600000,25400000,10,595,7900000,400000,24900000,11000000,True
1,False,False,9800000,21300000,2,356,23000000,12300000,25700000,14600000,False
5,False,False,7900000,29900000,6,568,5800000,13900000,15900000,8700000,True
1,True,False,1600000,4000000,10,615,2200000,2700000,5500000,1400000,True
1,True,True,6400000,13900000,12,313,18600000,6300000,18600000,4900000,False
1,True,True,6400000,17900000,6,575,6600000,7600000,23100000,5300000,True
4,True,False,1600000,5500000,10,577,400000,1200000,4100000,1400000,True
0,True,False,9200000,30700000,10,455,24900000,2000000,32900000,5200000,False
1,False,False,7800000,24900000,6,500,15300000,10000000,16500000,4500000,False
1,False,True,4000000,9400000,8,509,1000000,4100000,10800000,5500000,False
2,False,True,6100000,19400000,8,379,5300000,10800000,14300000,4100000,False
5,True,False,7100000,14500000,14,664,5300000,12900000,15700000,9200000,True
0,False,True,2500000,9900000,6,623,6000000,1800000,6200000,1800000,True
5,True,False,3200000,8700000,16,558,2600000,2500000,9100000,1800000,True
4,True,False,1700000,4300000,18,580,1500000,2400000,6600000,1700000,True
4,True,False,6300000,17600000,6,612,16000000,3300000,23500000,3200000,True
4,True,True,700000,2400000,14,705,0,100000,2000000,700000,True
4,True,True,1100000,2700000,18,301,2800000,1600000,3300000,1500000,False
1,False,True,8900000,32000000,16,711,4300000,1200000,22100000,5200000,True
3,True,False,300000,700000,20,735,900000,200000,900000,400000,True
1,False,False,2200000,5200000,14,682,2600000,600000,6100000,1800000,True
3,False,False,3400000,13500000,10,348,7900000,3700000,8200000,4700000,False
0,True,True,7900000,23500000,20,750,16800000,15300000,21200000,4000000,True
3,False,True,5800000,18200000,16,835,1000000,6100000,14600000,7900000,True
0,True,True,9400000,20000000,6,389,16000000,7100000,19400000,10200000,False
2,True,False,4800000,18900000,4,866,10200000,6000000,13900000,5900000,True
3,False,False,7600000,26600000,4,689,5300000,600000,24300000,8600000,True
0,False,False,5900000,17600000,16,645,13000000,3100000,23400000,8600000,True
1,True,True,4300000,10100000,2,797,4400000,4500000,16300000,4700000,True
5,True,False,6100000,17800000,6,849,2900000,10900000,16100000,7800000,True
5,True,False,5400000,19700000,20,423,6500000,10000000,15700000,7300000,False
1,False,True,5200000,11200000,2,370,9900000,10200000,16700000,6400000,False
5,False,False,8500000,31300000,12,378,21400000,13100000,30400000,8800000,False
4,False,False,900000,1900000,20,417,1000000,800000,2800000,900000,False
1,False,False,1400000,4100000,20,530,1200000,1100000,3000000,1900000,False
1,False,True,2400000,9300000,20,543,700000,800000,5000000,3400000,False
4,True,False,6300000,15000000,18,750,800000,6500000,15400000,7700000,True
1,True,False,3100000,7600000,20,346,700000,4600000,8100000,4400000,False
4,True,True,6900000,19000000,14,330,9300000,7100000,18800000,8400000,False
2,False,True,3000000,7400000,10,712,5100000,1000000,11600000,3800000,True
0,False,False,3100000,10100000,14,376,6400000,2600000,11600000,4300000,False
4,False,False,600000,1200000,14,338,500000,500000,2300000,500000,False
4,False,True,4700000,13700000,14,600,12100000,8400000,17700000,5000000,True
1,True,False,2500000,6900000,20,495,4800000,3300000,5700000,3700000,False
0,True,False,9700000,30400000,4,300,17100000,16600000,38100000,9200000,True
4,False,True,7600000,20000000,18,691,5000000,8700000,23400000,11200000,True
1,True,False,8400000,24700000,8,519,12900000,16700000,17300000,6000000,False
3,True,True,3800000,15100000,20,540,9400000,1000000,9300000,3600000,False
3,False,True,3100000,11400000,16,562,3600000,3600000,7200000,3100000,True
2,False,False,5700000,21300000,10,323,1600000,11200000,16200000,5100000,False
1,True,True,5500000,19700000,10,312,12800000,4800000,19500000,3300000,False
1,False,True,200000,600000,2,511,500000,100000,800000,200000,True
3,False,True,3700000,13800000,10,621,4000000,800000,11900000,5300000,True
2,False,True,1600000,4300000,20,512,3200000,2500000,6300000,900000,False
4,True,False,3900000,11000000,2,786,7900000,1600000,10700000,2100000,True
3,False,True,700000,1600000,18,303,600000,500000,2000000,600000,False
3,True,True,5800000,16700000,18,633,8100000,8400000,14700000,3700000,True
4,True,True,3800000,14000000,6,711,9500000,7300000,14500000,3100000,True
2,True,False,6400000,16900000,16,472,11100000,6000000,16300000,4500000,False
1,True,True,5500000,12100000,4,350,6300000,9200000,17200000,6900000,False
1,False,True,6800000,13700000,10,879,500000,2600000,22000000,6800000,True
4,False,False,6700000,13400000,10,436,3600000,1200000,23200000,7500000,False
1,True,True,5300000,11500000,14,848,1300000,3600000,14700000,5700000,True
2,True,False,6600000,23200000,16,555,9900000,6500000,23300000,3300000,True
2,True,False,6600000,13100000,20,885,10900000,4300000,20600000,6200000,True
0,False,False,7600000,25200000,6,888,12700000,10900000,24500000,7500000,True
4,False,True,2500000,6100000,20,478,5900000,800000,9500000,3200000,False
4,False,False,1100000,2500000,4,603,1900000,1400000,3900000,500000,True
1,False,False,2300000,8200000,8,784,2000000,0,7600000,1100000,True
1,True,True,3300000,11700000,4,682,3500000,5500000,12300000,1600000,True
4,True,True,2600000,5900000,6,471,3500000,1900000,7300000,3400000,False
4,False,True,9300000,36700000,20,808,16500000,14700000,26500000,7100000,True
4,False,False,5300000,18500000,8,470,2900000,9300000,14900000,4900000,False
2,False,False,5400000,13800000,20,574,900000,9200000,10900000,3700000,True
4,False,True,3500000,12000000,8,314,7700000,100000,12600000,2700000,False
2,True,False,4200000,10200000,14,407,5900000,4500000,12000000,2500000,False
0,False,True,9200000,34900000,4,702,16900000,16000000,24100000,9800000,True
2,True,False,4300000,9800000,2,499,4400000,4500000,12600000,5100000,False
1,True,True,7500000,19900000,10,669,1800000,8800000,18100000,7300000,True
5,False,True,5400000,18800000,20,326,9700000,10100000,14800000,3200000,False
3,False,False,5500000,16200000,18,778,4700000,10700000,15300000,6100000,True
2,False,True,2100000,4500000,2,787,4800000,2800000,6000000,2100000,True
0,True,False,3700000,12300000,16,831,8000000,2200000,11200000,2400000,True
0,True,False,8800000,32900000,18,576,1300000,8700000,32600000,5600000,True
5,False,False,5800000,22800000,12,600,16000000,1100000,20700000,5700000,True
4,True,False,7900000,30600000,2,569,7600000,3400000,20100000,7400000,True
1,False,True,3100000,6300000,20,867,1900000,6100000,6600000,4000000,True
0,False,False,4100000,14500000,12,441,9900000,300000,15700000,3900000,False
2,False,True,9800000,32700000,2,304,4700000,19000000,24500000,8600000,True
5,False,False,3300000,8400000,18,520,500000,6300000,11000000,4000000,False
0,True,False,2000000,6200000,14,613,100000,1800000,5400000,1300000,True
2,False,True,600000,1100000,8,885,700000,0,1200000,300000,True
4,False,True,3600000,9500000,2,841,4900000,4400000,13500000,2100000,True
2,False,False,7500000,29100000,20,815,12400000,9500000,25300000,9100000,True
5,True,True,200000,400000,18,822,200000,300000,600000,300000,True
4,False,False,9900000,29100000,18,772,24100000,19400000,26800000,11700000,True
5,True,True,6100000,22500000,6,776,17600000,9900000,13800000,4800000,True
4,False,True,3500000,10300000,10,337,9000000,5600000,10500000,4500000,False
0,False,True,7800000,19000000,12,333,15400000,14900000,30600000,9600000,False
3,False,True,8700000,29300000,4,312,9000000,2800000,30000000,4900000,True
2,True,True,5500000,12400000,14,842,-100000,6800000,15800000,5800000,True
3,True,True,1800000,5100000,8,790,100000,0,3700000,2000000,True
2,True,False,8000000,31900000,16,806,19900000,1800000,23200000,5400000,True
5,False,True,7500000,17000000,8,300,7800000,8300000,18900000,6700000,False
5,True,True,3700000,12000000,12,605,4900000,1800000,13200000,3100000,True
2,True,True,1600000,4700000,12,582,1500000,1300000,5200000,1000000,True
5,True,False,1300000,2700000,6,607,800000,1500000,4700000,1600000,True
5,True,True,2400000,8200000,10,709,2100000,3700000,8800000,2800000,True
4,True,True,4100000,11600000,14,854,500000,6900000,12700000,5700000,True
2,False,True,7300000,15200000,20,776,14700000,9600000,26400000,4100000,True
1,True,True,8000000,24600000,12,649,10800000,1600000,21800000,9200000,True
3,False,False,7900000,28000000,4,394,22800000,13200000,18200000,3900000,True
4,False,False,7200000,18900000,16,371,6600000,14100000,18900000,4900000,False
3,False,False,6200000,13200000,14,707,17200000,8900000,23100000,4200000,True
2,False,True,5700000,18100000,20,491,6800000,100000,17700000,3900000,False
0,True,True,5800000,14100000,16,570,8200000,4200000,16400000,3700000,True
1,False,False,900000,3500000,18,395,2500000,800000,3000000,1300000,False
0,False,True,2200000,7500000,10,497,2300000,2100000,5700000,1800000,False
3,False,True,1800000,5300000,14,440,2000000,100000,3700000,1000000,False
0,False,True,800000,2400000,16,825,700000,0,3100000,1100000,True
2,True,True,7600000,18100000,14,320,14700000,2600000,28100000,8500000,False
2,True,True,4100000,13500000,4,846,8900000,7800000,11400000,2400000,True
3,True,True,4600000,10900000,12,856,13500000,5100000,9400000,3300000,True
3,True,False,2300000,6800000,10,418,2800000,2700000,6300000,1400000,False
0,False,True,8000000,21100000,6,306,16100000,11800000,28200000,8700000,False
2,False,True,3800000,14500000,16,567,2400000,2600000,10500000,3000000,True
2,False,True,9500000,36800000,6,493,24100000,13800000,32100000,6200000,False
2,True,False,9300000,21200000,2,509,2800000,2600000,35800000,6600000,False
4,True,False,4700000,17000000,4,364,2900000,4600000,18800000,6200000,True
5,False,False,6000000,24000000,20,639,300000,7300000,15100000,6600000,True
2,True,True,5500000,21700000,2,309,11800000,1000000,21600000,7600000,True
0,False,True,4600000,14800000,6,433,12100000,4600000,11100000,6700000,False
5,False,False,9900000,33600000,20,580,7000000,10800000,37400000,14700000,True
1,True,True,6200000,16200000,4,888,-100000,12000000,24300000,4000000,True
4,False,True,400000,1100000,6,644,1000000,300000,1600000,400000,True
1,False,True,7800000,22200000,10,763,11200000,1400000,27000000,4900000,True
0,True,True,2900000,10800000,20,694,6400000,200000,10600000,2100000,True
3,False,False,500000,1200000,6,757,1300000,100000,1200000,600000,True
0,False,False,2500000,6900000,12,471,7100000,4000000,5200000,1500000,False
5,False,False,9000000,35200000,2,437,18400000,17800000,18300000,10400000,True
4,False,True,5200000,11400000,10,406,14700000,2000000,13000000,4400000,False
5,False,False,6000000,19700000,20,376,14700000,10700000,17100000,5500000,False
1,True,False,5100000,13800000,14,350,6200000,2200000,12600000,3600000,False
5,False,True,8000000,22500000,20,784,7600000,7300000,26000000,10800000,True
4,True,True,9200000,25400000,14,765,21200000,6600000,25100000,5600000,True
4,False,False,9800000,32200000,18,593,9500000,400000,34000000,14300000,True
3,True,True,7600000,30000000,10,344,19000000,13700000,27600000,11100000,False
1,True,False,5100000,11800000,12,314,14700000,7600000,12400000,4900000,False
4,True,True,1500000,3300000,16,382,200000,2400000,3200000,1100000,False
2,False,True,6200000,16500000,4,510,14100000,4700000,18200000,6300000,False
2,True,True,6300000,24600000,8,464,7700000,2200000,13000000,6900000,False
1,True,True,5500000,14900000,2,403,7400000,8900000,19700000,4100000,False
3,False,False,8100000,30400000,12,606,900000,1100000,31900000,11600000,True
1,True,False,6300000,22000000,20,646,9500000,7900000,13500000,5500000,True
1,True,False,1100000,3600000,20,495,1600000,1100000,3100000,500000,False
3,False,True,7200000,21600000,2,626,10600000,1600000,26900000,3700000,True
1,False,True,3000000,6000000,16,518,3800000,1700000,11600000,3900000,False
5,True,False,2700000,7600000,8,746,900000,2200000,7200000,3400000,True
0,False,False,5000000,16300000,12,737,2600000,3400000,11800000,4400000,True
0,False,False,8400000,22300000,14,371,8300000,3700000,22300000,9100000,False
1,True,False,7700000,27300000,8,509,10100000,2200000,20200000,10800000,False
1,True,False,4700000,14000000,2,411,4600000,5100000,10600000,3700000,False
2,False,False,4300000,11800000,20,701,11600000,4600000,14200000,3300000,True
5,False,False,2500000,8800000,10,769,3700000,1600000,8200000,2700000,True
5,False,True,4400000,12500000,6,740,8200000,2300000,9900000,5400000,True
5,False,False,5700000,11600000,4,892,10200000,6100000,19800000,7400000,True
2,False,False,5300000,13100000,14,417,4900000,6200000,18200000,6800000,False
5,True,False,4600000,14400000,6,785,6500000,6300000,14700000,6200000,True
3,False,False,400000,1100000,16,504,200000,400000,800000,400000,False
0,False,False,2100000,5900000,14,402,4400000,0,4800000,1000000,False
2,True,True,1200000,3500000,16,540,3100000,1800000,3500000,800000,False
2,True,True,8000000,28400000,10,607,11400000,3800000,29000000,11600000,True
1,True,True,5000000,19400000,10,410,11600000,6200000,11700000,4500000,False
0,False,False,8500000,17200000,12,624,6500000,8400000,18600000,5100000,True
4,True,False,4600000,16600000,16,805,4800000,8000000,11500000,2800000,True
2,True,False,4600000,16100000,18,709,7100000,9000000,13800000,5400000,True
2,False,True,8500000,30900000,14,511,23300000,4400000,21900000,5500000,False
1,True,True,7800000,25100000,18,766,6900000,7200000,16600000,10200000,True
3,False,True,1400000,3800000,16,451,3100000,1300000,4300000,1300000,False
1,False,True,3700000,10200000,4,447,300000,2000000,14500000,3200000,False
3,False,True,1000000,2500000,18,763,400000,1100000,2100000,1400000,True
5,False,False,900000,3100000,20,834,1000000,900000,2100000,1300000,True
2,True,False,5600000,19500000,8,429,6100000,2200000,21100000,7200000,False
4,False,False,3200000,10600000,16,693,7800000,4900000,10400000,1800000,True
1,True,False,2900000,11100000,20,478,4200000,2900000,8500000,3000000,False
2,True,True,300000,800000,10,752,600000,300000,1000000,400000,True
0,True,True,2400000,5900000,14,319,2000000,4200000,9500000,3300000,False
3,True,False,5000000,17600000,8,303,6300000,9600000,12800000,6900000,False
3,False,True,5000000,16700000,20,420,1100000,5000000,18700000,6900000,False
2,False,True,200000,600000,8,552,400000,200000,700000,200000,True
3,False,True,6000000,16000000,12,606,2600000,11600000,19300000,7800000,True
2,False,False,5600000,13700000,2,558,7500000,9300000,12100000,6700000,True
1,False,False,4500000,12400000,6,504,12000000,3200000,13100000,2200000,False
5,False,True,200000,300000,8,412,-100000,100000,500000,100000,False
4,False,True,6200000,18300000,4,900,16900000,3400000,15300000,6400000,True
4,False,True,9800000,23800000,8,634,12800000,9300000,37600000,6100000,True
5,True,True,3900000,9000000,8,340,4900000,6800000,9000000,5200000,False
3,False,True,8300000,20900000,4,615,4400000,200000,19000000,9600000,True
2,True,True,4900000,12200000,18,353,7000000,200000,14400000,3600000,False
4,True,True,6900000,16300000,8,606,5800000,900000,23700000,3600000,True
2,False,False,4500000,14500000,18,498,7900000,200000,13500000,4800000,False
4,False,False,7500000,21900000,2,585,6800000,12200000,27500000,8100000,True
1,False,True,2300000,6400000,8,578,3600000,1800000,7000000,3000000,True
1,True,False,7400000,15500000,2,693,3000000,12800000,21800000,9300000,True
4,True,False,4800000,14300000,6,795,5900000,0,11100000,2600000,True
1,True,False,2600000,9900000,6,594,2900000,4300000,6700000,2500000,True
3,False,True,2700000,10600000,8,840,500000,3000000,9000000,1900000,True
3,False,False,3700000,10900000,16,301,7800000,2300000,9600000,3400000,False
4,True,True,2600000,9400000,18,481,2700000,4400000,8600000,2400000,False
5,False,True,8800000,23100000,16,531,20800000,2600000,22100000,8000000,False
2,False,False,7500000,15400000,8,332,8300000,3100000,23700000,5400000,False
0,True,False,4700000,18500000,4,516,1000000,8400000,10400000,6100000,True
2,False,False,7100000,26600000,6,727,16500000,9800000,21100000,7900000,True
3,False,True,5500000,19300000,10,344,14400000,1300000,12400000,6600000,False
2,True,False,9500000,31500000,12,650,17600000,16600000,22200000,11400000,True
3,True,True,4200000,15400000,8,362,9900000,5300000,15500000,5600000,False
5,True,True,6900000,18600000,18,307,3500000,4800000,25300000,4200000,False
5,True,False,9900000,24600000,2,530,24200000,12800000,20400000,13000000,False
5,True,False,6700000,17700000,6,482,3200000,10400000,18500000,5700000,False
0,False,True,9300000,22200000,14,701,600000,10100000,35900000,5700000,True
2,True,False,5600000,17200000,16,586,13700000,2100000,14300000,4300000,True
0,True,True,8100000,17600000,16,384,15200000,13300000,31700000,10200000,False
4,False,False,6000000,18000000,18,882,6700000,2500000,12200000,7500000,True
5,False,True,4200000,11200000,2,758,5300000,6500000,9600000,3800000,True
5,True,False,1600000,4000000,18,529,300000,1200000,5300000,2000000,False
3,True,True,800000,1500000,2,589,1500000,1100000,1800000,400000,True
1,True,False,500000,1300000,6,670,1000000,500000,1400000,700000,True
5,False,True,4300000,14100000,12,532,12600000,5700000,12000000,4600000,False
0,False,False,4000000,12500000,18,868,11000000,800000,14400000,2300000,True
2,False,False,2900000,7300000,2,776,8300000,3000000,8500000,3400000,True
5,True,True,2300000,9100000,16,644,4000000,2600000,6600000,3100000,True
0,True,True,1800000,6000000,12,658,2900000,2300000,4500000,2400000,True
1,True,True,8700000,33900000,10,766,16300000,700000,19500000,9000000,True
3,False,False,7800000,21100000,12,717,1200000,10700000,19900000,6200000,True
2,True,False,3200000,6300000,10,339,300000,4900000,7300000,2700000,False
0,False,False,1600000,4500000,18,463,100000,2000000,4100000,1800000,False
4,False,False,2400000,7300000,4,540,2500000,300000,7800000,2200000,True
1,True,False,1800000,5900000,16,804,800000,2500000,5000000,1000000,True
1,True,False,7500000,16000000,10,541,16300000,4500000,22400000,5100000,False
4,False,True,6700000,18400000,10,371,1900000,1400000,15700000,4400000,False
5,True,False,5800000,13700000,6,369,10500000,2700000,12100000,3000000,False
0,False,False,500000,1800000,2,651,700000,0,1700000,200000,True
0,True,True,9400000,30700000,10,477,17400000,900000,27500000,6200000,False
4,False,False,1600000,6200000,18,554,3200000,800000,5500000,1100000,True
0,True,True,9300000,25000000,14,362,14900000,16100000,32300000,11000000,False
5,True,False,3700000,14000000,2,469,3800000,600000,8000000,2800000,True
3,False,False,900000,1900000,12,547,2400000,400000,3000000,400000,False
4,False,False,500000,1300000,6,809,200000,300000,900000,500000,True
1,True,True,7800000,16200000,2,335,4900000,7900000,28700000,6400000,False
5,False,True,5300000,13700000,18,708,7600000,900000,19200000,5900000,True
0,True,False,300000,700000,16,779,200000,0,1000000,400000,True
0,True,True,5000000,19900000,6,748,8300000,8500000,11300000,3000000,True
0,True,False,7900000,28600000,18,541,400000,3900000,22300000,6700000,False
4,True,False,5300000,15800000,2,527,3800000,5200000,19700000,3900000,False
0,False,True,5500000,15300000,4,859,4600000,9500000,21400000,2900000,True
0,True,False,1500000,5600000,18,604,2000000,2400000,4400000,1800000,True
5,True,False,6600000,20100000,18,348,6900000,2500000,22500000,7200000,False
4,True,True,6200000,16200000,20,734,8800000,4000000,14600000,4400000,True
3,True,False,6300000,17000000,16,388,11700000,2100000,16100000,3200000,False
0,True,True,3800000,8100000,20,831,6500000,1700000,7700000,2000000,True
5,False,False,500000,1500000,6,433,-100000,700000,1900000,700000,False
2,True,True,5000000,15900000,16,699,8800000,5900000,18100000,7200000,True
0,False,False,4500000,17100000,8,303,7400000,8200000,17400000,4200000,False
4,False,False,1000000,3800000,2,611,1700000,1800000,2500000,600000,True
2,True,False,1700000,3700000,20,558,4100000,1400000,5000000,2500000,True
4,True,True,1200000,4800000,2,752,2800000,900000,3000000,600000,True
5,False,True,8500000,25800000,14,786,13900000,11000000,32400000,11300000,True
0,True,False,8600000,29000000,18,481,21200000,2600000,27700000,5400000,False
2,True,False,400000,1300000,16,507,200000,200000,1500000,300000,False
4,True,False,8700000,19800000,14,715,13500000,13400000,32000000,8500000,True
0,False,False,1800000,5700000,20,392,3800000,2400000,3500000,1400000,False
0,True,True,4700000,17700000,16,887,1300000,4900000,13200000,6700000,True
0,False,False,7300000,21600000,2,479,17900000,12300000,15900000,7500000,False
2,True,False,8400000,32100000,20,328,16300000,4600000,19500000,8000000,False
2,True,True,4800000,12900000,8,740,9300000,900000,11000000,3700000,True
2,True,False,9200000,34200000,2,456,12200000,11300000,25800000,5700000,True
1,False,False,6200000,21100000,10,467,15600000,10500000,23500000,5300000,False
0,True,True,200000,700000,10,587,-100000,100000,500000,100000,False
0,False,True,2500000,6700000,16,569,4500000,3400000,6200000,1300000,True
3,False,True,8000000,24400000,14,399,19100000,5400000,20600000,11600000,False
1,False,False,4600000,15200000,4,593,13800000,3800000,11700000,3900000,True
3,False,True,4900000,12700000,8,409,2000000,2500000,19300000,4700000,False
4,False,False,9500000,21300000,18,353,22900000,2300000,21400000,11100000,False
5,True,True,4500000,11600000,20,306,4800000,1900000,11900000,5700000,False
2,True,True,5900000,14200000,12,499,9200000,11600000,20200000,4400000,False
4,True,False,4200000,14600000,6,324,6300000,5900000,11700000,3000000,False
2,False,True,3300000,11300000,6,647,5100000,6000000,12800000,4400000,True
2,True,True,4900000,12600000,2,767,1100000,7400000,13000000,3800000,True
4,False,False,5300000,10700000,12,821,15400000,10200000,17600000,2600000,True
4,False,False,7200000,17700000,6,338,9900000,9300000,27800000,7200000,False
0,True,False,8400000,24300000,4,785,11900000,10100000,26600000,8500000,True
3,True,False,3800000,11800000,4,694,0,500000,8300000,5100000,True
0,False,False,9900000,22300000,20,613,28400000,8900000,23600000,4900000,True
4,True,True,2900000,8300000,10,318,8700000,4100000,10900000,2100000,False
3,False,True,6000000,18700000,18,783,2800000,8500000,20300000,8800000,True
2,False,False,1700000,5300000,20,761,2500000,500000,3700000,1200000,True
4,True,True,5300000,12000000,10,329,15300000,9300000,17300000,6100000,False
5,False,True,7500000,15000000,14,661,12100000,5800000,29900000,4400000,True
4,False,False,400000,900000,18,339,700000,200000,800000,200000,False
1,True,True,8300000,17700000,10,673,23700000,5300000,28700000,4200000,True
3,True,False,4500000,16900000,18,748,8500000,7200000,15100000,6600000,True
3,True,False,4600000,10000000,4,702,6800000,1500000,16100000,4500000,True
4,False,False,4700000,10300000,12,710,7500000,7700000,16900000,6600000,True
0,True,True,900000,3500000,6,331,2400000,1400000,3500000,1100000,False
1,False,False,2400000,7600000,12,372,5700000,4400000,6600000,1400000,False
0,False,True,3900000,9600000,10,783,9900000,2100000,10900000,3900000,True
0,True,False,8300000,31400000,18,558,13300000,2900000,25900000,6300000,True
4,True,True,4700000,13000000,6,552,5600000,8300000,11900000,2400000,True
4,False,False,3900000,10600000,20,544,4100000,3100000,10900000,4900000,False
2,False,False,400000,1000000,6,425,800000,300000,800000,200000,False
2,False,True,1700000,5100000,18,321,2000000,2800000,5100000,1500000,False
2,True,True,6100000,15500000,8,758,8900000,4000000,13300000,7200000,True
5,True,True,7300000,19600000,10,373,10400000,4700000,19500000,10600000,False
3,False,True,300000,500000,6,876,300000,100000,1100000,300000,True
2,False,False,4300000,14500000,10,594,11400000,700000,14000000,5300000,True
3,False,False,7000000,18400000,18,837,2800000,7900000,15400000,5700000,True
0,False,True,4900000,16500000,4,600,11100000,2200000,12000000,6500000,True
4,True,False,6200000,12400000,20,547,14200000,10800000,17200000,8000000,False
1,False,False,4100000,15800000,12,431,9700000,7300000,15200000,5700000,False
